exp,row,n,k,r,t,p_1,p_2,p_3,p_4,p_5,v_1,v_2,v_3,v_4,v_5,original_error,suzuki_error,original_r,error
16,1,5,2,25,10,0.458933983390379,0.393452644189031,-0.661204536837651,0.389255292840979,0.419332719897976,-0.106971427020716,0.529058605311209,0.504325878824554,-0.348264624670603,-0.950258369325947,0.085555439967569,0.126129858160922,25,0.0855554399676
16,2,5,2,50,10,0.458933983390379,0.393452644189031,-0.661204536837651,0.389255292840979,0.419332719897976,-0.106971427020716,0.529058605311209,0.504325878824554,-0.348264624670603,-0.950258369325947,0.085555439967569,0.126129858160922,25,0.0146245533303
16,3,5,2,75,10,0.458933983390379,0.393452644189031,-0.661204536837651,0.389255292840979,0.419332719897976,-0.106971427020716,0.529058605311209,0.504325878824554,-0.348264624670603,-0.950258369325947,0.085555439967569,0.126129858160922,25,0.0155809596648
16,4,5,2,100,10,0.458933983390379,0.393452644189031,-0.661204536837651,0.389255292840979,0.419332719897976,-0.106971427020716,0.529058605311209,0.504325878824554,-0.348264624670603,-0.950258369325947,0.085555439967569,0.126129858160922,25,0.0174629851998
16,5,5,2,125,10,0.458933983390379,0.393452644189031,-0.661204536837651,0.389255292840979,0.419332719897976,-0.106971427020716,0.529058605311209,0.504325878824554,-0.348264624670603,-0.950258369325947,0.085555439967569,0.126129858160922,25,0.0179694534825
16,6,5,2,150,10,0.458933983390379,0.393452644189031,-0.661204536837651,0.389255292840979,0.419332719897976,-0.106971427020716,0.529058605311209,0.504325878824554,-0.348264624670603,-0.950258369325947,0.085555439967569,0.126129858160922,25,0.0181383007456
16,7,5,2,175,10,0.458933983390379,0.393452644189031,-0.661204536837651,0.389255292840979,0.419332719897976,-0.106971427020716,0.529058605311209,0.504325878824554,-0.348264624670603,-0.950258369325947,0.085555439967569,0.126129858160922,25,0.0182023497256
16,8,5,2,200,10,0.458933983390379,0.393452644189031,-0.661204536837651,0.389255292840979,0.419332719897976,-0.106971427020716,0.529058605311209,0.504325878824554,-0.348264624670603,-0.950258369325947,0.085555439967569,0.126129858160922,25,0.0182283460494
16,9,5,2,225,10,0.458933983390379,0.393452644189031,-0.661204536837651,0.389255292840979,0.419332719897976,-0.106971427020716,0.529058605311209,0.504325878824554,-0.348264624670603,-0.950258369325947,0.085555439967569,0.126129858160922,25,0.0182389786566
16,10,5,2,250,10,0.458933983390379,0.393452644189031,-0.661204536837651,0.389255292840979,0.419332719897976,-0.106971427020716,0.529058605311209,0.504325878824554,-0.348264624670603,-0.950258369325947,0.085555439967569,0.126129858160922,25,0.0182429599352
16,11,5,2,275,10,0.458933983390379,0.393452644189031,-0.661204536837651,0.389255292840979,0.419332719897976,-0.106971427020716,0.529058605311209,0.504325878824554,-0.348264624670603,-0.950258369325947,0.085555439967569,0.126129858160922,25,0.0182439464964
16,12,5,2,300,10,0.458933983390379,0.393452644189031,-0.661204536837651,0.389255292840979,0.419332719897976,-0.106971427020716,0.529058605311209,0.504325878824554,-0.348264624670603,-0.950258369325947,0.085555439967569,0.126129858160922,25,0.0182435755742
16,13,5,2,325,10,0.458933983390379,0.393452644189031,-0.661204536837651,0.389255292840979,0.419332719897976,-0.106971427020716,0.529058605311209,0.504325878824554,-0.348264624670603,-0.950258369325947,0.085555439967569,0.126129858160922,25,0.01824261399
16,14,5,2,350,10,0.458933983390379,0.393452644189031,-0.661204536837651,0.389255292840979,0.419332719897976,-0.106971427020716,0.529058605311209,0.504325878824554,-0.348264624670603,-0.950258369325947,0.085555439967569,0.126129858160922,25,0.0182414306742
16,15,5,2,375,10,0.458933983390379,0.393452644189031,-0.661204536837651,0.389255292840979,0.419332719897976,-0.106971427020716,0.529058605311209,0.504325878824554,-0.348264624670603,-0.950258369325947,0.085555439967569,0.126129858160922,25,0.0182402043482
16,16,5,2,400,10,0.458933983390379,0.393452644189031,-0.661204536837651,0.389255292840979,0.419332719897976,-0.106971427020716,0.529058605311209,0.504325878824554,-0.348264624670603,-0.950258369325947,0.085555439967569,0.126129858160922,25,0.0182390198084
16,17,5,2,25,10,0.414880891086574,0.408509637775155,-0.652332354624388,0.413961092709643,0.414912367882403,-0.106971427020716,0.529058605311209,0.504325878824554,-0.348264624670603,-0.950258369325947,0.008392867228576,0.018174168263085,50,0.104887567292
16,18,5,2,50,10,0.414880891086574,0.408509637775155,-0.652332354624388,0.413961092709643,0.414912367882403,-0.106971427020716,0.529058605311209,0.504325878824554,-0.348264624670603,-0.950258369325947,0.008392867228576,0.018174168263085,50,0.00839286722858
16,19,5,2,75,10,0.414880891086574,0.408509637775155,-0.652332354624388,0.413961092709643,0.414912367882403,-0.106971427020716,0.529058605311209,0.504325878824554,-0.348264624670603,-0.950258369325947,0.008392867228576,0.018174168263085,50,0.0062975062185
16,20,5,2,100,10,0.414880891086574,0.408509637775155,-0.652332354624388,0.413961092709643,0.414912367882403,-0.106971427020716,0.529058605311209,0.504325878824554,-0.348264624670603,-0.950258369325947,0.008392867228576,0.018174168263085,50,0.00558298456285
16,21,5,2,125,10,0.414880891086574,0.408509637775155,-0.652332354624388,0.413961092709643,0.414912367882403,-0.106971427020716,0.529058605311209,0.504325878824554,-0.348264624670603,-0.950258369325947,0.008392867228576,0.018174168263085,50,0.00566213213912
16,22,5,2,150,10,0.414880891086574,0.408509637775155,-0.652332354624388,0.413961092709643,0.414912367882403,-0.106971427020716,0.529058605311209,0.504325878824554,-0.348264624670603,-0.950258369325947,0.008392867228576,0.018174168263085,50,0.00567421765847
16,23,5,2,175,10,0.414880891086574,0.408509637775155,-0.652332354624388,0.413961092709643,0.414912367882403,-0.106971427020716,0.529058605311209,0.504325878824554,-0.348264624670603,-0.950258369325947,0.008392867228576,0.018174168263085,50,0.00564545312158
16,24,5,2,200,10,0.414880891086574,0.408509637775155,-0.652332354624388,0.413961092709643,0.414912367882403,-0.106971427020716,0.529058605311209,0.504325878824554,-0.348264624670603,-0.950258369325947,0.008392867228576,0.018174168263085,50,0.00561199347784
16,25,5,2,225,10,0.414880891086574,0.408509637775155,-0.652332354624388,0.413961092709643,0.414912367882403,-0.106971427020716,0.529058605311209,0.504325878824554,-0.348264624670603,-0.950258369325947,0.008392867228576,0.018174168263085,50,0.00558224775667
16,26,5,2,250,10,0.414880891086574,0.408509637775155,-0.652332354624388,0.413961092709643,0.414912367882403,-0.106971427020716,0.529058605311209,0.504325878824554,-0.348264624670603,-0.950258369325947,0.008392867228576,0.018174168263085,50,0.00555754810151
16,27,5,2,275,10,0.414880891086574,0.408509637775155,-0.652332354624388,0.413961092709643,0.414912367882403,-0.106971427020716,0.529058605311209,0.504325878824554,-0.348264624670603,-0.950258369325947,0.008392867228576,0.018174168263085,50,0.00553742582287
16,28,5,2,300,10,0.414880891086574,0.408509637775155,-0.652332354624388,0.413961092709643,0.414912367882403,-0.106971427020716,0.529058605311209,0.504325878824554,-0.348264624670603,-0.950258369325947,0.008392867228576,0.018174168263085,50,0.00552106510617
16,29,5,2,325,10,0.414880891086574,0.408509637775155,-0.652332354624388,0.413961092709643,0.414912367882403,-0.106971427020716,0.529058605311209,0.504325878824554,-0.348264624670603,-0.950258369325947,0.008392867228576,0.018174168263085,50,0.00550769938767
16,30,5,2,350,10,0.414880891086574,0.408509637775155,-0.652332354624388,0.413961092709643,0.414912367882403,-0.106971427020716,0.529058605311209,0.504325878824554,-0.348264624670603,-0.950258369325947,0.008392867228576,0.018174168263085,50,0.00549669882651
16,31,5,2,375,10,0.414880891086574,0.408509637775155,-0.652332354624388,0.413961092709643,0.414912367882403,-0.106971427020716,0.529058605311209,0.504325878824554,-0.348264624670603,-0.950258369325947,0.008392867228576,0.018174168263085,50,0.00548756877877
16,32,5,2,400,10,0.414880891086574,0.408509637775155,-0.652332354624388,0.413961092709643,0.414912367882403,-0.106971427020716,0.529058605311209,0.504325878824554,-0.348264624670603,-0.950258369325947,0.008392867228576,0.018174168263085,50,0.00547992656734
16,33,5,2,25,10,0.413156444316377,0.413051984573742,-0.654986671664273,0.415102416735054,0.413660335323667,-0.106971427020716,0.529058605311209,0.504325878824554,-0.348264624670603,-0.950258369325947,0.001859556255407,0.0040403002479,75,0.11437169945
16,34,5,2,50,10,0.413156444316377,0.413051984573742,-0.654986671664273,0.415102416735054,0.413660335323667,-0.106971427020716,0.529058605311209,0.504325878824554,-0.348264624670603,-0.950258369325947,0.001859556255407,0.0040403002479,75,0.0135478641208
16,35,5,2,75,10,0.413156444316377,0.413051984573742,-0.654986671664273,0.415102416735054,0.413660335323667,-0.106971427020716,0.529058605311209,0.504325878824554,-0.348264624670603,-0.950258369325947,0.001859556255407,0.0040403002479,75,0.00185955625541
16,36,5,2,100,10,0.413156444316377,0.413051984573742,-0.654986671664273,0.415102416735054,0.413660335323667,-0.106971427020716,0.529058605311209,0.504325878824554,-0.348264624670603,-0.950258369325947,0.001859556255407,0.0040403002479,75,0.00153451339255
16,37,5,2,125,10,0.413156444316377,0.413051984573742,-0.654986671664273,0.415102416735054,0.413660335323667,-0.106971427020716,0.529058605311209,0.504325878824554,-0.348264624670603,-0.950258369325947,0.001859556255407,0.0040403002479,75,0.0014086325638
16,38,5,2,150,10,0.413156444316377,0.413051984573742,-0.654986671664273,0.415102416735054,0.413660335323667,-0.106971427020716,0.529058605311209,0.504325878824554,-0.348264624670603,-0.950258369325947,0.001859556255407,0.0040403002479,75,0.00129374064078
16,39,5,2,175,10,0.413156444316377,0.413051984573742,-0.654986671664273,0.415102416735054,0.413660335323667,-0.106971427020716,0.529058605311209,0.504325878824554,-0.348264624670603,-0.950258369325947,0.001859556255407,0.0040403002479,75,0.00129318721738
16,40,5,2,200,10,0.413156444316377,0.413051984573742,-0.654986671664273,0.415102416735054,0.413660335323667,-0.106971427020716,0.529058605311209,0.504325878824554,-0.348264624670603,-0.950258369325947,0.001859556255407,0.0040403002479,75,0.00129791026321
16,41,5,2,225,10,0.413156444316377,0.413051984573742,-0.654986671664273,0.415102416735054,0.413660335323667,-0.106971427020716,0.529058605311209,0.504325878824554,-0.348264624670603,-0.950258369325947,0.001859556255407,0.0040403002479,75,0.00129414387152
16,42,5,2,250,10,0.413156444316377,0.413051984573742,-0.654986671664273,0.415102416735054,0.413660335323667,-0.106971427020716,0.529058605311209,0.504325878824554,-0.348264624670603,-0.950258369325947,0.001859556255407,0.0040403002479,75,0.00128792635564
16,43,5,2,275,10,0.413156444316377,0.413051984573742,-0.654986671664273,0.415102416735054,0.413660335323667,-0.106971427020716,0.529058605311209,0.504325878824554,-0.348264624670603,-0.950258369325947,0.001859556255407,0.0040403002479,75,0.00128142428668
16,44,5,2,300,10,0.413156444316377,0.413051984573742,-0.654986671664273,0.415102416735054,0.413660335323667,-0.106971427020716,0.529058605311209,0.504325878824554,-0.348264624670603,-0.950258369325947,0.001859556255407,0.0040403002479,75,0.00127539171221
16,45,5,2,325,10,0.413156444316377,0.413051984573742,-0.654986671664273,0.415102416735054,0.413660335323667,-0.106971427020716,0.529058605311209,0.504325878824554,-0.348264624670603,-0.950258369325947,0.001859556255407,0.0040403002479,75,0.00127004506076
16,46,5,2,350,10,0.413156444316377,0.413051984573742,-0.654986671664273,0.415102416735054,0.413660335323667,-0.106971427020716,0.529058605311209,0.504325878824554,-0.348264624670603,-0.950258369325947,0.001859556255407,0.0040403002479,75,0.00126539575351
16,47,5,2,375,10,0.413156444316377,0.413051984573742,-0.654986671664273,0.415102416735054,0.413660335323667,-0.106971427020716,0.529058605311209,0.504325878824554,-0.348264624670603,-0.950258369325947,0.001859556255407,0.0040403002479,75,0.00126138207003
16,48,5,2,400,10,0.413156444316377,0.413051984573742,-0.654986671664273,0.415102416735054,0.413660335323667,-0.106971427020716,0.529058605311209,0.504325878824554,-0.348264624670603,-0.950258369325947,0.001859556255407,0.0040403002479,75,0.00125792224113
16,49,5,2,25,10,0.413955498978017,0.413546395900101,-0.656188713619074,0.41470899985209,0.413972673731322,-0.106971427020716,0.529058605311209,0.504325878824554,-0.348264624670603,-0.950258369325947,0.000613659421795,0.00133032338754,100,0.117286539199
16,50,5,2,50,10,0.413955498978017,0.413546395900101,-0.656188713619074,0.41470899985209,0.413972673731322,-0.106971427020716,0.529058605311209,0.504325878824554,-0.348264624670603,-0.950258369325947,0.000613659421795,0.00133032338754,100,0.0155325005918
16,51,5,2,75,10,0.413955498978017,0.413546395900101,-0.656188713619074,0.41470899985209,0.413972673731322,-0.106971427020716,0.529058605311209,0.504325878824554,-0.348264624670603,-0.950258369325947,0.000613659421795,0.00133032338754,100,0.0028462492589
16,52,5,2,100,10,0.413955498978017,0.413546395900101,-0.656188713619074,0.41470899985209,0.413972673731322,-0.106971427020716,0.529058605311209,0.504325878824554,-0.348264624670603,-0.950258369325947,0.000613659421795,0.00133032338754,100,0.000613659421795
16,53,5,2,125,10,0.413955498978017,0.413546395900101,-0.656188713619074,0.41470899985209,0.413972673731322,-0.106971427020716,0.529058605311209,0.504325878824554,-0.348264624670603,-0.950258369325947,0.000613659421795,0.00133032338754,100,0.000522576052247
16,54,5,2,150,10,0.413955498978017,0.413546395900101,-0.656188713619074,0.41470899985209,0.413972673731322,-0.106971427020716,0.529058605311209,0.504325878824554,-0.348264624670603,-0.950258369325947,0.000613659421795,0.00133032338754,100,0.000494521791322
16,55,5,2,175,10,0.413955498978017,0.413546395900101,-0.656188713619074,0.41470899985209,0.413972673731322,-0.106971427020716,0.529058605311209,0.504325878824554,-0.348264624670603,-0.950258369325947,0.000613659421795,0.00133032338754,100,0.000461562959308
16,56,5,2,200,10,0.413955498978017,0.413546395900101,-0.656188713619074,0.41470899985209,0.413972673731322,-0.106971427020716,0.529058605311209,0.504325878824554,-0.348264624670603,-0.950258369325947,0.000613659421795,0.00133032338754,100,0.000432818250006
16,57,5,2,225,10,0.413955498978017,0.413546395900101,-0.656188713619074,0.41470899985209,0.413972673731322,-0.106971427020716,0.529058605311209,0.504325878824554,-0.348264624670603,-0.950258369325947,0.000613659421795,0.00133032338754,100,0.000430218096666
16,58,5,2,250,10,0.413955498978017,0.413546395900101,-0.656188713619074,0.41470899985209,0.413972673731322,-0.106971427020716,0.529058605311209,0.504325878824554,-0.348264624670603,-0.950258369325947,0.000613659421795,0.00133032338754,100,0.00043239310485
16,59,5,2,275,10,0.413955498978017,0.413546395900101,-0.656188713619074,0.41470899985209,0.413972673731322,-0.106971427020716,0.529058605311209,0.504325878824554,-0.348264624670603,-0.950258369325947,0.000613659421795,0.00133032338754,100,0.000432077268905
16,60,5,2,300,10,0.413955498978017,0.413546395900101,-0.656188713619074,0.41470899985209,0.413972673731322,-0.106971427020716,0.529058605311209,0.504325878824554,-0.348264624670603,-0.950258369325947,0.000613659421795,0.00133032338754,100,0.000430736096146
16,61,5,2,325,10,0.413955498978017,0.413546395900101,-0.656188713619074,0.41470899985209,0.413972673731322,-0.106971427020716,0.529058605311209,0.504325878824554,-0.348264624670603,-0.950258369325947,0.000613659421795,0.00133032338754,100,0.000429032091147
16,62,5,2,350,10,0.413955498978017,0.413546395900101,-0.656188713619074,0.41470899985209,0.413972673731322,-0.106971427020716,0.529058605311209,0.504325878824554,-0.348264624670603,-0.950258369325947,0.000613659421795,0.00133032338754,100,0.000427267844942
16,63,5,2,375,10,0.413955498978017,0.413546395900101,-0.656188713619074,0.41470899985209,0.413972673731322,-0.106971427020716,0.529058605311209,0.504325878824554,-0.348264624670603,-0.950258369325947,0.000613659421795,0.00133032338754,100,0.000425578262823
16,64,5,2,400,10,0.413955498978017,0.413546395900101,-0.656188713619074,0.41470899985209,0.413972673731322,-0.106971427020716,0.529058605311209,0.504325878824554,-0.348264624670603,-0.950258369325947,0.000613659421795,0.00133032338754,100,0.000424018259854
16,65,5,2,25,10,0.413794112566877,0.413980476493352,-0.656796357495967,0.414741553883621,0.414278058783199,-0.106971427020716,0.529058605311209,0.504325878824554,-0.348264624670603,-0.950258369325947,0.000256459553347,0.000554903608059,125,0.119538455505
16,66,5,2,50,10,0.413794112566877,0.413980476493352,-0.656796357495967,0.414741553883621,0.414278058783199,-0.106971427020716,0.529058605311209,0.504325878824554,-0.348264624670603,-0.950258369325947,0.000256459553347,0.000554903608059,125,0.0164748704237
16,67,5,2,75,10,0.413794112566877,0.413980476493352,-0.656796357495967,0.414741553883621,0.414278058783199,-0.106971427020716,0.529058605311209,0.504325878824554,-0.348264624670603,-0.950258369325947,0.000256459553347,0.000554903608059,125,0.00329232227574
16,68,5,2,100,10,0.413794112566877,0.413980476493352,-0.656796357495967,0.414741553883621,0.414278058783199,-0.106971427020716,0.529058605311209,0.504325878824554,-0.348264624670603,-0.950258369325947,0.000256459553347,0.000554903608059,125,0.000891230301404
16,69,5,2,125,10,0.413794112566877,0.413980476493352,-0.656796357495967,0.414741553883621,0.414278058783199,-0.106971427020716,0.529058605311209,0.504325878824554,-0.348264624670603,-0.950258369325947,0.000256459553347,0.000554903608059,125,0.000256459553347
16,70,5,2,150,10,0.413794112566877,0.413980476493352,-0.656796357495967,0.414741553883621,0.414278058783199,-0.106971427020716,0.529058605311209,0.504325878824554,-0.348264624670603,-0.950258369325947,0.000256459553347,0.000554903608059,125,0.000224488565581
16,71,5,2,175,10,0.413794112566877,0.413980476493352,-0.656796357495967,0.414741553883621,0.414278058783199,-0.106971427020716,0.529058605311209,0.504325878824554,-0.348264624670603,-0.950258369325947,0.000256459553347,0.000554903608059,125,0.000213726671083
16,72,5,2,200,10,0.413794112566877,0.413980476493352,-0.656796357495967,0.414741553883621,0.414278058783199,-0.106971427020716,0.529058605311209,0.504325878824554,-0.348264624670603,-0.950258369325947,0.000256459553347,0.000554903608059,125,0.000202535917871
16,73,5,2,225,10,0.413794112566877,0.413980476493352,-0.656796357495967,0.414741553883621,0.414278058783199,-0.106971427020716,0.529058605311209,0.504325878824554,-0.348264624670603,-0.950258369325947,0.000256459553347,0.000554903608059,125,0.000191588054506
16,74,5,2,250,10,0.413794112566877,0.413980476493352,-0.656796357495967,0.414741553883621,0.414278058783199,-0.106971427020716,0.529058605311209,0.504325878824554,-0.348264624670603,-0.950258369325947,0.000256459553347,0.000554903608059,125,0.000181983923302
16,75,5,2,275,10,0.413794112566877,0.413980476493352,-0.656796357495967,0.414741553883621,0.414278058783199,-0.106971427020716,0.529058605311209,0.504325878824554,-0.348264624670603,-0.950258369325947,0.000256459553347,0.000554903608059,125,0.000180276593978
16,76,5,2,300,10,0.413794112566877,0.413980476493352,-0.656796357495967,0.414741553883621,0.414278058783199,-0.106971427020716,0.529058605311209,0.504325878824554,-0.348264624670603,-0.950258369325947,0.000256459553347,0.000554903608059,125,0.000181316239555
16,77,5,2,325,10,0.413794112566877,0.413980476493352,-0.656796357495967,0.414741553883621,0.414278058783199,-0.106971427020716,0.529058605311209,0.504325878824554,-0.348264624670603,-0.950258369325947,0.000256459553347,0.000554903608059,125,0.000181461241621
16,78,5,2,350,10,0.413794112566877,0.413980476493352,-0.656796357495967,0.414741553883621,0.414278058783199,-0.106971427020716,0.529058605311209,0.504325878824554,-0.348264624670603,-0.950258369325947,0.000256459553347,0.000554903608059,125,0.000181161589859
16,79,5,2,375,10,0.413794112566877,0.413980476493352,-0.656796357495967,0.414741553883621,0.414278058783199,-0.106971427020716,0.529058605311209,0.504325878824554,-0.348264624670603,-0.950258369325947,0.000256459553347,0.000554903608059,125,0.000180651876566
16,80,5,2,400,10,0.413794112566877,0.413980476493352,-0.656796357495967,0.414741553883621,0.414278058783199,-0.106971427020716,0.529058605311209,0.504325878824554,-0.348264624670603,-0.950258369325947,0.000256459553347,0.000554903608059,125,0.000180056363378
16,81,5,2,25,10,0.414101983591157,0.414253476278639,-0.657140916000612,0.414395469853505,0.414388933298288,-0.106971427020716,0.529058605311209,0.504325878824554,-0.348264624670603,-0.950258369325947,0.000125041269041,0.000270244496412,150,0.12138703205
16,82,5,2,50,10,0.414101983591157,0.414253476278639,-0.657140916000612,0.414395469853505,0.414388933298288,-0.106971427020716,0.529058605311209,0.504325878824554,-0.348264624670603,-0.950258369325947,0.000125041269041,0.000270244496412,150,0.0169886311675
16,83,5,2,75,10,0.414101983591157,0.414253476278639,-0.657140916000612,0.414395469853505,0.414388933298288,-0.106971427020716,0.529058605311209,0.504325878824554,-0.348264624670603,-0.950258369325947,0.000125041269041,0.000270244496412,150,0.00352733318784
16,84,5,2,100,10,0.414101983591157,0.414253476278639,-0.657140916000612,0.414395469853505,0.414388933298288,-0.106971427020716,0.529058605311209,0.504325878824554,-0.348264624670603,-0.950258369325947,0.000125041269041,0.000270244496412,150,0.0010352746988
16,85,5,2,125,10,0.414101983591157,0.414253476278639,-0.657140916000612,0.414395469853505,0.414388933298288,-0.106971427020716,0.529058605311209,0.504325878824554,-0.348264624670603,-0.950258369325947,0.000125041269041,0.000270244496412,150,0.000356768185556
16,86,5,2,150,10,0.414101983591157,0.414253476278639,-0.657140916000612,0.414395469853505,0.414388933298288,-0.106971427020716,0.529058605311209,0.504325878824554,-0.348264624670603,-0.950258369325947,0.000125041269041,0.000270244496412,150,0.000125041269041
16,87,5,2,175,10,0.414101983591157,0.414253476278639,-0.657140916000612,0.414395469853505,0.414388933298288,-0.106971427020716,0.529058605311209,0.504325878824554,-0.348264624670603,-0.950258369325947,0.000125041269041,0.000270244496412,150,0.000111474385494
16,88,5,2,200,10,0.414101983591157,0.414253476278639,-0.657140916000612,0.414395469853505,0.414388933298288,-0.106971427020716,0.529058605311209,0.504325878824554,-0.348264624670603,-0.950258369325947,0.000125041269041,0.000270244496412,150,0.000106204035045
16,89,5,2,225,10,0.414101983591157,0.414253476278639,-0.657140916000612,0.414395469853505,0.414388933298288,-0.106971427020716,0.529058605311209,0.504325878824554,-0.348264624670603,-0.950258369325947,0.000125041269041,0.000270244496412,150,0.000101932114268
16,90,5,2,250,10,0.414101983591157,0.414253476278639,-0.657140916000612,0.414395469853505,0.414388933298288,-0.106971427020716,0.529058605311209,0.504325878824554,-0.348264624670603,-0.950258369325947,0.000125041269041,0.000270244496412,150,9.72764397324E-05
16,91,5,2,275,10,0.414101983591157,0.414253476278639,-0.657140916000612,0.414395469853505,0.414388933298288,-0.106971427020716,0.529058605311209,0.504325878824554,-0.348264624670603,-0.950258369325947,0.000125041269041,0.000270244496412,150,9.29050443728E-05
16,92,5,2,300,10,0.414101983591157,0.414253476278639,-0.657140916000612,0.414395469853505,0.414388933298288,-0.106971427020716,0.529058605311209,0.504325878824554,-0.348264624670603,-0.950258369325947,0.000125041269041,0.000270244496412,150,8.90206925093E-05
16,93,5,2,325,10,0.414101983591157,0.414253476278639,-0.657140916000612,0.414395469853505,0.414388933298288,-0.106971427020716,0.529058605311209,0.504325878824554,-0.348264624670603,-0.950258369325947,0.000125041269041,0.000270244496412,150,8.80079578938E-05
16,94,5,2,350,10,0.414101983591157,0.414253476278639,-0.657140916000612,0.414395469853505,0.414388933298288,-0.106971427020716,0.529058605311209,0.504325878824554,-0.348264624670603,-0.950258369325947,0.000125041269041,0.000270244496412,150,8.85423518789E-05
16,95,5,2,375,10,0.414101983591157,0.414253476278639,-0.657140916000612,0.414395469853505,0.414388933298288,-0.106971427020716,0.529058605311209,0.504325878824554,-0.348264624670603,-0.950258369325947,0.000125041269041,0.000270244496412,150,8.87047238892E-05
16,96,5,2,400,10,0.414101983591157,0.414253476278639,-0.657140916000612,0.414395469853505,0.414388933298288,-0.106971427020716,0.529058605311209,0.504325878824554,-0.348264624670603,-0.950258369325947,0.000125041269041,0.000270244496412,150,8.86586853637E-05
16,97,5,2,25,10,0.414457430911804,0.414483198120503,-0.657354468101086,0.414810602673421,0.413602663993091,-0.106971427020716,0.529058605311209,0.504325878824554,-0.348264624670603,-0.950258369325947,6.79615035920031E-05,0.000146734356102,175,0.123010149849
16,98,5,2,50,10,0.414457430911804,0.414483198120503,-0.657354468101086,0.414810602673421,0.413602663993091,-0.106971427020716,0.529058605311209,0.504325878824554,-0.348264624670603,-0.950258369325947,6.79615035920031E-05,0.000146734356102,175,0.0173081129897
16,99,5,2,75,10,0.414457430911804,0.414483198120503,-0.657354468101086,0.414810602673421,0.413602663993091,-0.106971427020716,0.529058605311209,0.504325878824554,-0.348264624670603,-0.950258369325947,6.79615035920031E-05,0.000146734356102,175,0.00366676994653
16,100,5,2,100,10,0.414457430911804,0.414483198120503,-0.657354468101086,0.414810602673421,0.413602663993091,-0.106971427020716,0.529058605311209,0.504325878824554,-0.348264624670603,-0.950258369325947,6.79615035920031E-05,0.000146734356102,175,0.00111798813938
16,101,5,2,125,10,0.414457430911804,0.414483198120503,-0.657354468101086,0.414810602673421,0.413602663993091,-0.106971427020716,0.529058605311209,0.504325878824554,-0.348264624670603,-0.950258369325947,6.79615035920031E-05,0.000146734356102,175,0.000414399196979
16,102,5,2,150,10,0.414457430911804,0.414483198120503,-0.657354468101086,0.414810602673421,0.413602663993091,-0.106971427020716,0.529058605311209,0.504325878824554,-0.348264624670603,-0.950258369325947,6.79615035920031E-05,0.000146734356102,175,0.000167939835052
16,103,5,2,175,10,0.414457430911804,0.414483198120503,-0.657354468101086,0.414810602673421,0.413602663993091,-0.106971427020716,0.529058605311209,0.504325878824554,-0.348264624670603,-0.950258369325947,6.79615035920031E-05,0.000146734356102,175,6.7961503592E-05
16,104,5,2,200,10,0.414457430911804,0.414483198120503,-0.657354468101086,0.414810602673421,0.413602663993091,-0.106971427020716,0.529058605311209,0.504325878824554,-0.348264624670603,-0.950258369325947,6.79615035920031E-05,0.000146734356102,175,6.14079191395E-05
16,105,5,2,225,10,0.414457430911804,0.414483198120503,-0.657354468101086,0.414810602673421,0.413602663993091,-0.106971427020716,0.529058605311209,0.504325878824554,-0.348264624670603,-0.950258369325947,6.79615035920031E-05,0.000146734356102,175,5.83792895947E-05
16,106,5,2,250,10,0.414457430911804,0.414483198120503,-0.657354468101086,0.414810602673421,0.413602663993091,-0.106971427020716,0.529058605311209,0.504325878824554,-0.348264624670603,-0.950258369325947,6.79615035920031E-05,0.000146734356102,175,5.65968230612E-05
16,107,5,2,275,10,0.414457430911804,0.414483198120503,-0.657354468101086,0.414810602673421,0.413602663993091,-0.106971427020716,0.529058605311209,0.504325878824554,-0.348264624670603,-0.950258369325947,6.79615035920031E-05,0.000146734356102,175,5.44353330075E-05
16,108,5,2,300,10,0.414457430911804,0.414483198120503,-0.657354468101086,0.414810602673421,0.413602663993091,-0.106971427020716,0.529058605311209,0.504325878824554,-0.348264624670603,-0.950258369325947,6.79615035920031E-05,0.000146734356102,175,5.22763437827E-05
16,109,5,2,325,10,0.414457430911804,0.414483198120503,-0.657354468101086,0.414810602673421,0.413602663993091,-0.106971427020716,0.529058605311209,0.504325878824554,-0.348264624670603,-0.950258369325947,6.79615035920031E-05,0.000146734356102,175,5.02702211951E-05
16,110,5,2,350,10,0.414457430911804,0.414483198120503,-0.657354468101086,0.414810602673421,0.413602663993091,-0.106971427020716,0.529058605311209,0.504325878824554,-0.348264624670603,-0.950258369325947,6.79615035920031E-05,0.000146734356102,175,4.84659929021E-05
16,111,5,2,375,10,0.414457430911804,0.414483198120503,-0.657354468101086,0.414810602673421,0.413602663993091,-0.106971427020716,0.529058605311209,0.504325878824554,-0.348264624670603,-0.950258369325947,6.79615035920031E-05,0.000146734356102,175,4.78205835946E-05
16,112,5,2,400,10,0.414457430911804,0.414483198120503,-0.657354468101086,0.414810602673421,0.413602663993091,-0.106971427020716,0.529058605311209,0.504325878824554,-0.348264624670603,-0.950258369325947,6.79615035920031E-05,0.000146734356102,175,4.81129421391E-05
16,113,5,2,25,10,0.414143957618753,0.414474742290133,-0.657493769223569,0.414594266083367,0.414280465860973,-0.106971427020716,0.529058605311209,0.504325878824554,-0.348264624670603,-0.950258369325947,4.00026327862974E-05,8.63422362843406E-05,200,0.123621920662
16,114,5,2,50,10,0.414143957618753,0.414474742290133,-0.657493769223569,0.414594266083367,0.414280465860973,-0.106971427020716,0.529058605311209,0.504325878824554,-0.348264624670603,-0.950258369325947,4.00026327862974E-05,8.63422362843406E-05,200,0.0175083363414
16,115,5,2,75,10,0.414143957618753,0.414474742290133,-0.657493769223569,0.414594266083367,0.414280465860973,-0.106971427020716,0.529058605311209,0.504325878824554,-0.348264624670603,-0.950258369325947,4.00026327862974E-05,8.63422362843406E-05,200,0.00375565285183
16,116,5,2,100,10,0.414143957618753,0.414474742290133,-0.657493769223569,0.414594266083367,0.414280465860973,-0.106971427020716,0.529058605311209,0.504325878824554,-0.348264624670603,-0.950258369325947,4.00026327862974E-05,8.63422362843406E-05,200,0.00116998290939
16,117,5,2,125,10,0.414143957618753,0.414474742290133,-0.657493769223569,0.414594266083367,0.414280465860973,-0.106971427020716,0.529058605311209,0.504325878824554,-0.348264624670603,-0.950258369325947,4.00026327862974E-05,8.63422362843406E-05,200,0.000449910997756
16,118,5,2,150,10,0.414143957618753,0.414474742290133,-0.657493769223569,0.414594266083367,0.414280465860973,-0.106971427020716,0.529058605311209,0.504325878824554,-0.348264624670603,-0.950258369325947,4.00026327862974E-05,8.63422362843406E-05,200,0.000194672680846
16,119,5,2,175,10,0.414143957618753,0.414474742290133,-0.657493769223569,0.414594266083367,0.414280465860973,-0.106971427020716,0.529058605311209,0.504325878824554,-0.348264624670603,-0.950258369325947,4.00026327862974E-05,8.63422362843406E-05,200,8.86762754907E-05
16,120,5,2,200,10,0.414143957618753,0.414474742290133,-0.657493769223569,0.414594266083367,0.414280465860973,-0.106971427020716,0.529058605311209,0.504325878824554,-0.348264624670603,-0.950258369325947,4.00026327862974E-05,8.63422362843406E-05,200,4.00026327863E-05
16,121,5,2,225,10,0.414143957618753,0.414474742290133,-0.657493769223569,0.414594266083367,0.414280465860973,-0.106971427020716,0.529058605311209,0.504325878824554,-0.348264624670603,-0.950258369325947,4.00026327862974E-05,8.63422362843406E-05,200,3.65320551762E-05
16,122,5,2,250,10,0.414143957618753,0.414474742290133,-0.657493769223569,0.414594266083367,0.414280465860973,-0.106971427020716,0.529058605311209,0.504325878824554,-0.348264624670603,-0.950258369325947,4.00026327862974E-05,8.63422362843406E-05,200,3.46023248304E-05
16,123,5,2,275,10,0.414143957618753,0.414474742290133,-0.657493769223569,0.414594266083367,0.414280465860973,-0.106971427020716,0.529058605311209,0.504325878824554,-0.348264624670603,-0.950258369325947,4.00026327862974E-05,8.63422362843406E-05,200,3.38182320648E-05
16,124,5,2,300,10,0.414143957618753,0.414474742290133,-0.657493769223569,0.414594266083367,0.414280465860973,-0.106971427020716,0.529058605311209,0.504325878824554,-0.348264624670603,-0.950258369325947,4.00026327862974E-05,8.63422362843406E-05,200,3.27502018405E-05
16,125,5,2,325,10,0.414143957618753,0.414474742290133,-0.657493769223569,0.414594266083367,0.414280465860973,-0.106971427020716,0.529058605311209,0.504325878824554,-0.348264624670603,-0.950258369325947,4.00026327862974E-05,8.63422362843406E-05,200,3.16178674731E-05
16,126,5,2,350,10,0.414143957618753,0.414474742290133,-0.657493769223569,0.414594266083367,0.414280465860973,-0.106971427020716,0.529058605311209,0.504325878824554,-0.348264624670603,-0.950258369325947,4.00026327862974E-05,8.63422362843406E-05,200,3.05212736041E-05
16,127,5,2,375,10,0.414143957618753,0.414474742290133,-0.657493769223569,0.414594266083367,0.414280465860973,-0.106971427020716,0.529058605311209,0.504325878824554,-0.348264624670603,-0.950258369325947,4.00026327862974E-05,8.63422362843406E-05,200,2.95029283047E-05
16,128,5,2,400,10,0.414143957618753,0.414474742290133,-0.657493769223569,0.414594266083367,0.414280465860973,-0.106971427020716,0.529058605311209,0.504325878824554,-0.348264624670603,-0.950258369325947,4.00026327862974E-05,8.63422362843406E-05,200,2.85772980833E-05
16,129,5,2,25,10,0.41416953608087,0.414487948620444,-0.657590924101259,0.414481321574923,0.414451906490959,-0.106971427020716,0.529058605311209,0.504325878824554,-0.348264624670603,-0.950258369325947,2.50496538241237E-05,5.40442069215591E-05,225,0.124083936902
16,130,5,2,50,10,0.41416953608087,0.414487948620444,-0.657590924101259,0.414481321574923,0.414451906490959,-0.106971427020716,0.529058605311209,0.504325878824554,-0.348264624670603,-0.950258369325947,2.50496538241237E-05,5.40442069215591E-05,225,0.0176467463488
16,131,5,2,75,10,0.41416953608087,0.414487948620444,-0.657590924101259,0.414481321574923,0.414451906490959,-0.106971427020716,0.529058605311209,0.504325878824554,-0.348264624670603,-0.950258369325947,2.50496538241237E-05,5.40442069215591E-05,225,0.00381619186547
16,132,5,2,100,10,0.41416953608087,0.414487948620444,-0.657590924101259,0.414481321574923,0.414451906490959,-0.106971427020716,0.529058605311209,0.504325878824554,-0.348264624670603,-0.950258369325947,2.50496538241237E-05,5.40442069215591E-05,225,0.00120488939291
16,133,5,2,125,10,0.41416953608087,0.414487948620444,-0.657590924101259,0.414481321574923,0.414451906490959,-0.106971427020716,0.529058605311209,0.504325878824554,-0.348264624670603,-0.950258369325947,2.50496538241237E-05,5.40442069215591E-05,225,0.000473381737043
16,134,5,2,150,10,0.41416953608087,0.414487948620444,-0.657590924101259,0.414481321574923,0.414451906490959,-0.106971427020716,0.529058605311209,0.504325878824554,-0.348264624670603,-0.950258369325947,2.50496538241237E-05,5.40442069215591E-05,225,0.000212059544426
16,135,5,2,175,10,0.41416953608087,0.414487948620444,-0.657590924101259,0.414481321574923,0.414451906490959,-0.106971427020716,0.529058605311209,0.504325878824554,-0.348264624670603,-0.950258369325947,2.50496538241237E-05,5.40442069215591E-05,225,0.000102437572732
16,136,5,2,200,10,0.41416953608087,0.414487948620444,-0.657590924101259,0.414481321574923,0.414451906490959,-0.106971427020716,0.529058605311209,0.504325878824554,-0.348264624670603,-0.950258369325947,2.50496538241237E-05,5.40442069215591E-05,225,5.09863278967E-05
16,137,5,2,225,10,0.41416953608087,0.414487948620444,-0.657590924101259,0.414481321574923,0.414451906490959,-0.106971427020716,0.529058605311209,0.504325878824554,-0.348264624670603,-0.950258369325947,2.50496538241237E-05,5.40442069215591E-05,225,2.50496538241E-05
16,138,5,2,250,10,0.41416953608087,0.414487948620444,-0.657590924101259,0.414481321574923,0.414451906490959,-0.106971427020716,0.529058605311209,0.504325878824554,-0.348264624670603,-0.950258369325947,2.50496538241237E-05,5.40442069215591E-05,225,2.30573363068E-05
16,139,5,2,275,10,0.41416953608087,0.414487948620444,-0.657590924101259,0.414481321574923,0.414451906490959,-0.106971427020716,0.529058605311209,0.504325878824554,-0.348264624670603,-0.950258369325947,2.50496538241237E-05,5.40442069215591E-05,225,2.18451994822E-05
16,140,5,2,300,10,0.41416953608087,0.414487948620444,-0.657590924101259,0.414481321574923,0.414451906490959,-0.106971427020716,0.529058605311209,0.504325878824554,-0.348264624670603,-0.950258369325947,2.50496538241237E-05,5.40442069215591E-05,225,2.13862981756E-05
16,141,5,2,325,10,0.41416953608087,0.414487948620444,-0.657590924101259,0.414481321574923,0.414451906490959,-0.106971427020716,0.529058605311209,0.504325878824554,-0.348264624670603,-0.950258369325947,2.50496538241237E-05,5.40442069215591E-05,225,2.08320487461E-05
16,142,5,2,350,10,0.41416953608087,0.414487948620444,-0.657590924101259,0.414481321574923,0.414451906490959,-0.106971427020716,0.529058605311209,0.504325878824554,-0.348264624670603,-0.950258369325947,2.50496538241237E-05,5.40442069215591E-05,225,2.02083541041E-05
16,143,5,2,375,10,0.41416953608087,0.414487948620444,-0.657590924101259,0.414481321574923,0.414451906490959,-0.106971427020716,0.529058605311209,0.504325878824554,-0.348264624670603,-0.950258369325947,2.50496538241237E-05,5.40442069215591E-05,225,1.9580203995E-05
16,144,5,2,400,10,0.41416953608087,0.414487948620444,-0.657590924101259,0.414481321574923,0.414451906490959,-0.106971427020716,0.529058605311209,0.504325878824554,-0.348264624670603,-0.950258369325947,2.50496538241237E-05,5.40442069215591E-05,225,1.89792840699E-05
16,145,5,2,25,10,0.414208787673446,0.414289252006067,-0.657660954721072,0.41461704341344,0.414545732657138,-0.106971427020716,0.529058605311209,0.504325878824554,-0.348264624670603,-0.950258369325947,1.64722286848435E-05,3.55247395610451E-05,250,0.124422219026
16,146,5,2,50,10,0.414208787673446,0.414289252006067,-0.657660954721072,0.41461704341344,0.414545732657138,-0.106971427020716,0.529058605311209,0.504325878824554,-0.348264624670603,-0.950258369325947,1.64722286848435E-05,3.55247395610451E-05,250,0.0177459327184
16,147,5,2,75,10,0.414208787673446,0.414289252006067,-0.657660954721072,0.41461704341344,0.414545732657138,-0.106971427020716,0.529058605311209,0.504325878824554,-0.348264624670603,-0.950258369325947,1.64722286848435E-05,3.55247395610451E-05,250,0.00385921064884
16,148,5,2,100,10,0.414208787673446,0.414289252006067,-0.657660954721072,0.41461704341344,0.414545732657138,-0.106971427020716,0.529058605311209,0.504325878824554,-0.348264624670603,-0.950258369325947,1.64722286848435E-05,3.55247395610451E-05,250,0.00122944599071
16,149,5,2,125,10,0.414208787673446,0.414289252006067,-0.657660954721072,0.41461704341344,0.414545732657138,-0.106971427020716,0.529058605311209,0.504325878824554,-0.348264624670603,-0.950258369325947,1.64722286848435E-05,3.55247395610451E-05,250,0.000489704449668
16,150,5,2,150,10,0.414208787673446,0.414289252006067,-0.657660954721072,0.41461704341344,0.414545732657138,-0.106971427020716,0.529058605311209,0.504325878824554,-0.348264624670603,-0.950258369325947,1.64722286848435E-05,3.55247395610451E-05,250,0.000224003157014
16,151,5,2,175,10,0.414208787673446,0.414289252006067,-0.657660954721072,0.41461704341344,0.414545732657138,-0.106971427020716,0.529058605311209,0.504325878824554,-0.348264624670603,-0.950258369325947,1.64722286848435E-05,3.55247395610451E-05,250,0.000111773590815
16,152,5,2,200,10,0.414208787673446,0.414289252006067,-0.657660954721072,0.41461704341344,0.414545732657138,-0.106971427020716,0.529058605311209,0.504325878824554,-0.348264624670603,-0.950258369325947,1.64722286848435E-05,3.55247395610451E-05,250,5.86417083613E-05
16,153,5,2,225,10,0.414208787673446,0.414289252006067,-0.657660954721072,0.41461704341344,0.414545732657138,-0.106971427020716,0.529058605311209,0.504325878824554,-0.348264624670603,-0.950258369325947,1.64722286848435E-05,3.55247395610451E-05,250,3.12945977984E-05
16,154,5,2,250,10,0.414208787673446,0.414289252006067,-0.657660954721072,0.41461704341344,0.414545732657138,-0.106971427020716,0.529058605311209,0.504325878824554,-0.348264624670603,-0.950258369325947,1.64722286848435E-05,3.55247395610451E-05,250,1.64722286848E-05
16,155,5,2,275,10,0.414208787673446,0.414289252006067,-0.657660954721072,0.41461704341344,0.414545732657138,-0.106971427020716,0.529058605311209,0.504325878824554,-0.348264624670603,-0.950258369325947,1.64722286848435E-05,3.55247395610451E-05,250,1.5258771039E-05
16,156,5,2,300,10,0.414208787673446,0.414289252006067,-0.657660954721072,0.41461704341344,0.414545732657138,-0.106971427020716,0.529058605311209,0.504325878824554,-0.348264624670603,-0.950258369325947,1.64722286848435E-05,3.55247395610451E-05,250,1.45062733865E-05
16,157,5,2,325,10,0.414208787673446,0.414289252006067,-0.657660954721072,0.41461704341344,0.414545732657138,-0.106971427020716,0.529058605311209,0.504325878824554,-0.348264624670603,-0.950258369325947,1.64722286848435E-05,3.55247395610451E-05,250,1.41581235169E-05
16,158,5,2,350,10,0.414208787673446,0.414289252006067,-0.657660954721072,0.41461704341344,0.414545732657138,-0.106971427020716,0.529058605311209,0.504325878824554,-0.348264624670603,-0.950258369325947,1.64722286848435E-05,3.55247395610451E-05,250,1.38592651443E-05
16,159,5,2,375,10,0.414208787673446,0.414289252006067,-0.657660954721072,0.41461704341344,0.414545732657138,-0.106971427020716,0.529058605311209,0.504325878824554,-0.348264624670603,-0.950258369325947,1.64722286848435E-05,3.55247395610451E-05,250,1.35015880606E-05
16,160,5,2,400,10,0.414208787673446,0.414289252006067,-0.657660954721072,0.41461704341344,0.414545732657138,-0.106971427020716,0.529058605311209,0.504325878824554,-0.348264624670603,-0.950258369325947,1.64722286848435E-05,3.55247395610451E-05,250,1.31274175544E-05
16,161,5,2,25,10,0.414327905584884,0.414451690879516,-0.657712620659301,0.414365605362549,0.41456732373553,-0.106971427020716,0.529058605311209,0.504325878824554,-0.348264624670603,-0.950258369325947,1.1267621358546E-05,2.42974279505337E-05,275,0.124642350707
16,162,5,2,50,10,0.414327905584884,0.414451690879516,-0.657712620659301,0.414365605362549,0.41456732373553,-0.106971427020716,0.529058605311209,0.504325878824554,-0.348264624670603,-0.950258369325947,1.1267621358546E-05,2.42974279505337E-05,275,0.0178185265865
16,163,5,2,75,10,0.414327905584884,0.414451690879516,-0.657712620659301,0.414365605362549,0.41456732373553,-0.106971427020716,0.529058605311209,0.504325878824554,-0.348264624670603,-0.950258369325947,1.1267621358546E-05,2.42974279505337E-05,275,0.0038907165359
16,164,5,2,100,10,0.414327905584884,0.414451690879516,-0.657712620659301,0.414365605362549,0.41456732373553,-0.106971427020716,0.529058605311209,0.504325878824554,-0.348264624670603,-0.950258369325947,1.1267621358546E-05,2.42974279505337E-05,275,0.00124732043828
16,165,5,2,125,10,0.414327905584884,0.414451690879516,-0.657712620659301,0.414365605362549,0.41456732373553,-0.106971427020716,0.529058605311209,0.504325878824554,-0.348264624670603,-0.950258369325947,1.1267621358546E-05,2.42974279505337E-05,275,0.00050148746597
16,166,5,2,150,10,0.414327905584884,0.414451690879516,-0.657712620659301,0.414365605362549,0.41456732373553,-0.106971427020716,0.529058605311209,0.504325878824554,-0.348264624670603,-0.950258369325947,1.1267621358546E-05,2.42974279505337E-05,275,0.000232544681387
16,167,5,2,175,10,0.414327905584884,0.414451690879516,-0.657712620659301,0.414365605362549,0.41456732373553,-0.106971427020716,0.529058605311209,0.504325878824554,-0.348264624670603,-0.950258369325947,1.1267621358546E-05,2.42974279505337E-05,275,0.000118384952016
16,168,5,2,200,10,0.414327905584884,0.414451690879516,-0.657712620659301,0.414365605362549,0.41456732373553,-0.106971427020716,0.529058605311209,0.504325878824554,-0.348264624670603,-0.950258369325947,1.1267621358546E-05,2.42974279505337E-05,275,6.40099340943E-05
16,169,5,2,225,10,0.414327905584884,0.414451690879516,-0.657712620659301,0.414365605362549,0.41456732373553,-0.106971427020716,0.529058605311209,0.504325878824554,-0.348264624670603,-0.950258369325947,1.1267621358546E-05,2.42974279505337E-05,275,3.58139117175E-05
16,170,5,2,250,10,0.414327905584884,0.414451690879516,-0.657712620659301,0.414365605362549,0.41456732373553,-0.106971427020716,0.529058605311209,0.504325878824554,-0.348264624670603,-0.950258369325947,1.1267621358546E-05,2.42974279505337E-05,275,2.02178678359E-05
16,171,5,2,275,10,0.414327905584884,0.414451690879516,-0.657712620659301,0.414365605362549,0.41456732373553,-0.106971427020716,0.529058605311209,0.504325878824554,-0.348264624670603,-0.950258369325947,1.1267621358546E-05,2.42974279505337E-05,275,1.12676213585E-05
16,172,5,2,300,10,0.414327905584884,0.414451690879516,-0.657712620659301,0.414365605362549,0.41456732373553,-0.106971427020716,0.529058605311209,0.504325878824554,-0.348264624670603,-0.950258369325947,1.1267621358546E-05,2.42974279505337E-05,275,1.05017014316E-05
16,173,5,2,325,10,0.414327905584884,0.414451690879516,-0.657712620659301,0.414365605362549,0.41456732373553,-0.106971427020716,0.529058605311209,0.504325878824554,-0.348264624670603,-0.950258369325947,1.1267621358546E-05,2.42974279505337E-05,275,1.00137712106E-05
16,174,5,2,350,10,0.414327905584884,0.414451690879516,-0.657712620659301,0.414365605362549,0.41456732373553,-0.106971427020716,0.529058605311209,0.504325878824554,-0.348264624670603,-0.950258369325947,1.1267621358546E-05,2.42974279505337E-05,275,9.73875352415E-06
16,175,5,2,375,10,0.414327905584884,0.414451690879516,-0.657712620659301,0.414365605362549,0.41456732373553,-0.106971427020716,0.529058605311209,0.504325878824554,-0.348264624670603,-0.950258369325947,1.1267621358546E-05,2.42974279505337E-05,275,9.57234693831E-06
16,176,5,2,400,10,0.414327905584884,0.414451690879516,-0.657712620659301,0.414365605362549,0.41456732373553,-0.106971427020716,0.529058605311209,0.504325878824554,-0.348264624670603,-0.950258369325947,1.1267621358546E-05,2.42974279505337E-05,275,9.35983407232E-06
16,177,5,2,25,10,0.414508878166903,0.414268863458181,-0.657752496979597,0.414398540433731,0.414576147639582,-0.106971427020716,0.529058605311209,0.504325878824554,-0.348264624670603,-0.950258369325947,7.96574194719927E-06,1.71736365334539E-05,300,0.124753309184
16,178,5,2,50,10,0.414508878166903,0.414268863458181,-0.657752496979597,0.414398540433731,0.414576147639582,-0.106971427020716,0.529058605311209,0.504325878824554,-0.348264624670603,-0.950258369325947,7.96574194719927E-06,1.71736365334539E-05,300,0.0178731397656
16,179,5,2,75,10,0.414508878166903,0.414268863458181,-0.657752496979597,0.414398540433731,0.414576147639582,-0.106971427020716,0.529058605311209,0.504325878824554,-0.348264624670603,-0.950258369325947,7.96574194719927E-06,1.71736365334539E-05,300,0.00391468012241
16,180,5,2,100,10,0.414508878166903,0.414268863458181,-0.657752496979597,0.414398540433731,0.414576147639582,-0.106971427020716,0.529058605311209,0.504325878824554,-0.348264624670603,-0.950258369325947,7.96574194719927E-06,1.71736365334539E-05,300,0.00126087241253
16,181,5,2,125,10,0.414508878166903,0.414268863458181,-0.657752496979597,0.414398540433731,0.414576147639582,-0.106971427020716,0.529058605311209,0.504325878824554,-0.348264624670603,-0.950258369325947,7.96574194719927E-06,1.71736365334539E-05,300,0.000510364383909
16,182,5,2,150,10,0.414508878166903,0.414268863458181,-0.657752496979597,0.414398540433731,0.414576147639582,-0.106971427020716,0.529058605311209,0.504325878824554,-0.348264624670603,-0.950258369325947,7.96574194719927E-06,1.71736365334539E-05,300,0.000238930172485
16,183,5,2,175,10,0.414508878166903,0.414268863458181,-0.657752496979597,0.414398540433731,0.414576147639582,-0.106971427020716,0.529058605311209,0.504325878824554,-0.348264624670603,-0.950258369325947,7.96574194719927E-06,1.71736365334539E-05,300,0.000123286226768
16,184,5,2,200,10,0.414508878166903,0.414268863458181,-0.657752496979597,0.414398540433731,0.414576147639582,-0.106971427020716,0.529058605311209,0.504325878824554,-0.348264624670603,-0.950258369325947,7.96574194719927E-06,1.71736365334539E-05,300,6.79553636943E-05
16,185,5,2,225,10,0.414508878166903,0.414268863458181,-0.657752496979597,0.414398540433731,0.414576147639582,-0.106971427020716,0.529058605311209,0.504325878824554,-0.348264624670603,-0.950258369325947,7.96574194719927E-06,1.71736365334539E-05,300,3.91071878304E-05
16,186,5,2,250,10,0.414508878166903,0.414268863458181,-0.657752496979597,0.414398540433731,0.414576147639582,-0.106971427020716,0.529058605311209,0.504325878824554,-0.348264624670603,-0.950258369325947,7.96574194719927E-06,1.71736365334539E-05,300,2.30456175719E-05
16,187,5,2,275,10,0.414508878166903,0.414268863458181,-0.657752496979597,0.414398540433731,0.414576147639582,-0.106971427020716,0.529058605311209,0.504325878824554,-0.348264624670603,-0.950258369325947,7.96574194719927E-06,1.71736365334539E-05,300,1.36322706933E-05
16,188,5,2,300,10,0.414508878166903,0.414268863458181,-0.657752496979597,0.414398540433731,0.414576147639582,-0.106971427020716,0.529058605311209,0.504325878824554,-0.348264624670603,-0.950258369325947,7.96574194719927E-06,1.71736365334539E-05,300,7.9657419472E-06
16,189,5,2,325,10,0.414508878166903,0.414268863458181,-0.657752496979597,0.414398540433731,0.414576147639582,-0.106971427020716,0.529058605311209,0.504325878824554,-0.348264624670603,-0.950258369325947,7.96574194719927E-06,1.71736365334539E-05,300,7.45774911673E-06
16,190,5,2,350,10,0.414508878166903,0.414268863458181,-0.657752496979597,0.414398540433731,0.414576147639582,-0.106971427020716,0.529058605311209,0.504325878824554,-0.348264624670603,-0.950258369325947,7.96574194719927E-06,1.71736365334539E-05,300,7.13013381121E-06
16,191,5,2,375,10,0.414508878166903,0.414268863458181,-0.657752496979597,0.414398540433731,0.414576147639582,-0.106971427020716,0.529058605311209,0.504325878824554,-0.348264624670603,-0.950258369325947,7.96574194719927E-06,1.71736365334539E-05,300,6.90630410825E-06
16,192,5,2,400,10,0.414508878166903,0.414268863458181,-0.657752496979597,0.414398540433731,0.414576147639582,-0.106971427020716,0.529058605311209,0.504325878824554,-0.348264624670603,-0.950258369325947,7.96574194719927E-06,1.71736365334539E-05,300,6.81263342667E-06
16,193,5,2,25,10,0.41438642808361,0.41450637079477,-0.657783415711135,0.414337421197271,0.414553146753505,-0.106971427020716,0.529058605311209,0.504325878824554,-0.348264624670603,-0.950258369325947,5.78842628790632E-06,1.24786823627893E-05,325,0.125048708505
16,194,5,2,50,10,0.41438642808361,0.41450637079477,-0.657783415711135,0.414337421197271,0.414553146753505,-0.106971427020716,0.529058605311209,0.504325878824554,-0.348264624670603,-0.950258369325947,5.78842628790632E-06,1.24786823627893E-05,325,0.0179193197462
16,195,5,2,75,10,0.41438642808361,0.41450637079477,-0.657783415711135,0.414337421197271,0.414553146753505,-0.106971427020716,0.529058605311209,0.504325878824554,-0.348264624670603,-0.950258369325947,5.78842628790632E-06,1.24786823627893E-05,325,0.00393354703471
16,196,5,2,100,10,0.41438642808361,0.41450637079477,-0.657783415711135,0.414337421197271,0.414553146753505,-0.106971427020716,0.529058605311209,0.504325878824554,-0.348264624670603,-0.950258369325947,5.78842628790632E-06,1.24786823627893E-05,325,0.00127136472146
16,197,5,2,125,10,0.41438642808361,0.41450637079477,-0.657783415711135,0.414337421197271,0.414553146753505,-0.106971427020716,0.529058605311209,0.504325878824554,-0.348264624670603,-0.950258369325947,5.78842628790632E-06,1.24786823627893E-05,325,0.000517178210887
16,198,5,2,150,10,0.41438642808361,0.41450637079477,-0.657783415711135,0.414337421197271,0.414553146753505,-0.106971427020716,0.529058605311209,0.504325878824554,-0.348264624670603,-0.950258369325947,5.78842628790632E-06,1.24786823627893E-05,325,0.000243797203226
16,199,5,2,175,10,0.41438642808361,0.41450637079477,-0.657783415711135,0.414337421197271,0.414553146753505,-0.106971427020716,0.529058605311209,0.504325878824554,-0.348264624670603,-0.950258369325947,5.78842628790632E-06,1.24786823627893E-05,325,0.000126996686651
16,200,5,2,200,10,0.41438642808361,0.41450637079477,-0.657783415711135,0.414337421197271,0.414553146753505,-0.106971427020716,0.529058605311209,0.504325878824554,-0.348264624670603,-0.950258369325947,5.78842628790632E-06,1.24786823627893E-05,325,7.09220107963E-05
16,201,5,2,225,10,0.41438642808361,0.41450637079477,-0.657783415711135,0.414337421197271,0.414553146753505,-0.106971427020716,0.529058605311209,0.504325878824554,-0.348264624670603,-0.950258369325947,5.78842628790632E-06,1.24786823627893E-05,325,4.15668447163E-05
16,202,5,2,250,10,0.41438642808361,0.41450637079477,-0.657783415711135,0.414337421197271,0.414553146753505,-0.106971427020716,0.529058605311209,0.504325878824554,-0.348264624670603,-0.950258369325947,5.78842628790632E-06,1.24786823627893E-05,325,2.51438953036E-05
16,203,5,2,275,10,0.41438642808361,0.41450637079477,-0.657783415711135,0.414337421197271,0.414553146753505,-0.106971427020716,0.529058605311209,0.504325878824554,-0.348264624670603,-0.950258369325947,5.78842628790632E-06,1.24786823627893E-05,325,1.54634156308E-05
16,204,5,2,300,10,0.41438642808361,0.41450637079477,-0.657783415711135,0.414337421197271,0.414553146753505,-0.106971427020716,0.529058605311209,0.504325878824554,-0.348264624670603,-0.950258369325947,5.78842628790632E-06,1.24786823627893E-05,325,9.51408349034E-06
16,205,5,2,325,10,0.41438642808361,0.41450637079477,-0.657783415711135,0.414337421197271,0.414553146753505,-0.106971427020716,0.529058605311209,0.504325878824554,-0.348264624670603,-0.950258369325947,5.78842628790632E-06,1.24786823627893E-05,325,5.78842628791E-06
16,206,5,2,350,10,0.41438642808361,0.41450637079477,-0.657783415711135,0.414337421197271,0.414553146753505,-0.106971427020716,0.529058605311209,0.504325878824554,-0.348264624670603,-0.950258369325947,5.78842628790632E-06,1.24786823627893E-05,325,5.44050076806E-06
16,207,5,2,375,10,0.41438642808361,0.41450637079477,-0.657783415711135,0.414337421197271,0.414553146753505,-0.106971427020716,0.529058605311209,0.504325878824554,-0.348264624670603,-0.950258369325947,5.78842628790632E-06,1.24786823627893E-05,325,5.21369028625E-06
16,208,5,2,400,10,0.41438642808361,0.41450637079477,-0.657783415711135,0.414337421197271,0.414553146753505,-0.106971427020716,0.529058605311209,0.504325878824554,-0.348264624670603,-0.950258369325947,5.78842628790632E-06,1.24786823627893E-05,325,5.03641716873E-06
16,209,5,2,25,10,0.414459416479888,0.414388590911899,-0.657807941635351,0.414480836457097,0.414479061414553,-0.106971427020716,0.529058605311209,0.504325878824554,-0.348264624670603,-0.950258369325947,4.30659444083177E-06,9.28349477212358E-06,350,0.125201432127
16,210,5,2,50,10,0.414459416479888,0.414388590911899,-0.657807941635351,0.414480836457097,0.414479061414553,-0.106971427020716,0.529058605311209,0.504325878824554,-0.348264624670603,-0.950258369325947,4.30659444083177E-06,9.28349477212358E-06,350,0.0179544057023
16,211,5,2,75,10,0.414459416479888,0.414388590911899,-0.657807941635351,0.414480836457097,0.414479061414553,-0.106971427020716,0.529058605311209,0.504325878824554,-0.348264624670603,-0.950258369325947,4.30659444083177E-06,9.28349477212358E-06,350,0.00394832089927
16,212,5,2,100,10,0.414459416479888,0.414388590911899,-0.657807941635351,0.414480836457097,0.414479061414553,-0.106971427020716,0.529058605311209,0.504325878824554,-0.348264624670603,-0.950258369325947,4.30659444083177E-06,9.28349477212358E-06,350,0.00127960281574
16,213,5,2,125,10,0.414459416479888,0.414388590911899,-0.657807941635351,0.414480836457097,0.414479061414553,-0.106971427020716,0.529058605311209,0.504325878824554,-0.348264624670603,-0.950258369325947,4.30659444083177E-06,9.28349477212358E-06,350,0.000522514556459
16,214,5,2,150,10,0.414459416479888,0.414388590911899,-0.657807941635351,0.414480836457097,0.414479061414553,-0.106971427020716,0.529058605311209,0.504325878824554,-0.348264624670603,-0.950258369325947,4.30659444083177E-06,9.28349477212358E-06,350,0.000247592592502
16,215,5,2,175,10,0.414459416479888,0.414388590911899,-0.657807941635351,0.414480836457097,0.414479061414553,-0.106971427020716,0.529058605311209,0.504325878824554,-0.348264624670603,-0.950258369325947,4.30659444083177E-06,9.28349477212358E-06,350,0.000129875396117
16,216,5,2,200,10,0.414459416479888,0.414388590911899,-0.657807941635351,0.414480836457097,0.414479061414553,-0.106971427020716,0.529058605311209,0.504325878824554,-0.348264624670603,-0.950258369325947,4.30659444083177E-06,9.28349477212358E-06,350,7.32108655389E-05
16,217,5,2,225,10,0.414459416479888,0.414388590911899,-0.657807941635351,0.414480836457097,0.414479061414553,-0.106971427020716,0.529058605311209,0.504325878824554,-0.348264624670603,-0.950258369325947,4.30659444083177E-06,9.28349477212358E-06,350,4.34535961226E-05
16,218,5,2,250,10,0.414459416479888,0.414388590911899,-0.657807941635351,0.414480836457097,0.414479061414553,-0.106971427020716,0.529058605311209,0.504325878824554,-0.348264624670603,-0.950258369325947,4.30659444083177E-06,9.28349477212358E-06,350,2.67440937372E-05
16,219,5,2,275,10,0.414459416479888,0.414388590911899,-0.657807941635351,0.414480836457097,0.414479061414553,-0.106971427020716,0.529058605311209,0.504325878824554,-0.348264624670603,-0.950258369325947,4.30659444083177E-06,9.28349477212358E-06,350,1.68520457096E-05
16,220,5,2,300,10,0.414459416479888,0.414388590911899,-0.657807941635351,0.414480836457097,0.414479061414553,-0.106971427020716,0.529058605311209,0.504325878824554,-0.348264624670603,-0.950258369325947,4.30659444083177E-06,9.28349477212358E-06,350,1.07417562724E-05
16,221,5,2,325,10,0.414459416479888,0.414388590911899,-0.657807941635351,0.414480836457097,0.414479061414553,-0.106971427020716,0.529058605311209,0.504325878824554,-0.348264624670603,-0.950258369325947,4.30659444083177E-06,9.28349477212358E-06,350,6.83462632434E-06
16,222,5,2,350,10,0.414459416479888,0.414388590911899,-0.657807941635351,0.414480836457097,0.414479061414553,-0.106971427020716,0.529058605311209,0.504325878824554,-0.348264624670603,-0.950258369325947,4.30659444083177E-06,9.28349477212358E-06,350,4.30659444083E-06
16,223,5,2,375,10,0.414459416479888,0.414388590911899,-0.657807941635351,0.414480836457097,0.414479061414553,-0.106971427020716,0.529058605311209,0.504325878824554,-0.348264624670603,-0.950258369325947,4.30659444083177E-06,9.28349477212358E-06,350,4.06288759445E-06
16,224,5,2,400,10,0.414459416479888,0.414388590911899,-0.657807941635351,0.414480836457097,0.414479061414553,-0.106971427020716,0.529058605311209,0.504325878824554,-0.348264624670603,-0.950258369325947,4.30659444083177E-06,9.28349477212358E-06,350,3.90173176593E-06
16,225,5,2,25,10,0.414381026047421,0.414526486917734,-0.657827760487744,0.414474035001076,0.414446184906351,-0.106971427020716,0.529058605311209,0.504325878824554,-0.348264624670603,-0.950258369325947,3.26994708066077E-06,7.04832050319935E-06,375,0.125403498018
16,226,5,2,50,10,0.414381026047421,0.414526486917734,-0.657827760487744,0.414474035001076,0.414446184906351,-0.106971427020716,0.529058605311209,0.504325878824554,-0.348264624670603,-0.950258369325947,3.26994708066077E-06,7.04832050319935E-06,375,0.0179841143153
16,227,5,2,75,10,0.414381026047421,0.414526486917734,-0.657827760487744,0.414474035001076,0.414446184906351,-0.106971427020716,0.529058605311209,0.504325878824554,-0.348264624670603,-0.950258369325947,3.26994708066077E-06,7.04832050319935E-06,375,0.00396032616776
16,228,5,2,100,10,0.414381026047421,0.414526486917734,-0.657827760487744,0.414474035001076,0.414446184906351,-0.106971427020716,0.529058605311209,0.504325878824554,-0.348264624670603,-0.950258369325947,3.26994708066077E-06,7.04832050319935E-06,375,0.0012862290705
16,229,5,2,125,10,0.414381026047421,0.414526486917734,-0.657827760487744,0.414474035001076,0.414446184906351,-0.106971427020716,0.529058605311209,0.504325878824554,-0.348264624670603,-0.950258369325947,3.26994708066077E-06,7.04832050319935E-06,375,0.000526783081969
16,230,5,2,150,10,0.414381026047421,0.414526486917734,-0.657827760487744,0.414474035001076,0.414446184906351,-0.106971427020716,0.529058605311209,0.504325878824554,-0.348264624670603,-0.950258369325947,3.26994708066077E-06,7.04832050319935E-06,375,0.000250614158392
16,231,5,2,175,10,0.414381026047421,0.414526486917734,-0.657827760487744,0.414474035001076,0.414446184906351,-0.106971427020716,0.529058605311209,0.504325878824554,-0.348264624670603,-0.950258369325947,3.26994708066077E-06,7.04832050319935E-06,375,0.000132156371192
16,232,5,2,200,10,0.414381026047421,0.414526486917734,-0.657827760487744,0.414474035001076,0.414446184906351,-0.106971427020716,0.529058605311209,0.504325878824554,-0.348264624670603,-0.950258369325947,3.26994708066077E-06,7.04832050319935E-06,375,7.50156581084E-05
16,233,5,2,225,10,0.414381026047421,0.414526486917734,-0.657827760487744,0.414474035001076,0.414446184906351,-0.106971427020716,0.529058605311209,0.504325878824554,-0.348264624670603,-0.950258369325947,3.26994708066077E-06,7.04832050319935E-06,375,4.49339262323E-05
16,234,5,2,250,10,0.414381026047421,0.414526486917734,-0.657827760487744,0.414474035001076,0.414446184906351,-0.106971427020716,0.529058605311209,0.504325878824554,-0.348264624670603,-0.950258369325947,3.26994708066077E-06,7.04832050319935E-06,375,2.79932948258E-05
16,235,5,2,275,10,0.414381026047421,0.414526486917734,-0.657827760487744,0.414474035001076,0.414446184906351,-0.106971427020716,0.529058605311209,0.504325878824554,-0.348264624670603,-0.950258369325947,3.26994708066077E-06,7.04832050319935E-06,375,1.79306915778E-05
16,236,5,2,300,10,0.414381026047421,0.414526486917734,-0.657827760487744,0.414474035001076,0.414446184906351,-0.106971427020716,0.529058605311209,0.504325878824554,-0.348264624670603,-0.950258369325947,3.26994708066077E-06,7.04832050319935E-06,375,1.16908551291E-05
16,237,5,2,325,10,0.414381026047421,0.414526486917734,-0.657827760487744,0.414474035001076,0.414446184906351,-0.106971427020716,0.529058605311209,0.504325878824554,-0.348264624670603,-0.950258369325947,3.26994708066077E-06,7.04832050319935E-06,375,7.68279469981E-06
16,238,5,2,350,10,0.414381026047421,0.414526486917734,-0.657827760487744,0.414474035001076,0.414446184906351,-0.106971427020716,0.529058605311209,0.504325878824554,-0.348264624670603,-0.950258369325947,3.26994708066077E-06,7.04832050319935E-06,375,5.0322343947E-06
16,239,5,2,375,10,0.414381026047421,0.414526486917734,-0.657827760487744,0.414474035001076,0.414446184906351,-0.106971427020716,0.529058605311209,0.504325878824554,-0.348264624670603,-0.950258369325947,3.26994708066077E-06,7.04832050319935E-06,375,3.26994708066E-06
16,240,5,2,400,10,0.414381026047421,0.414526486917734,-0.657827760487744,0.414474035001076,0.414446184906351,-0.106971427020716,0.529058605311209,0.504325878824554,-0.348264624670603,-0.950258369325947,3.26994708066077E-06,7.04832050319935E-06,375,3.09555766176E-06
16,241,5,2,25,10,0.414454295144061,0.414520717636251,-0.657844164021167,0.414414630391644,0.41445449949363,-0.106971427020716,0.529058605311209,0.504325878824554,-0.348264624670603,-0.950258369325947,2.52737165892422E-06,5.44698935370022E-06,400,0.125446668791
16,242,5,2,50,10,0.414454295144061,0.414520717636251,-0.657844164021167,0.414414630391644,0.41445449949363,-0.106971427020716,0.529058605311209,0.504325878824554,-0.348264624670603,-0.950258369325947,2.52737165892422E-06,5.44698935370022E-06,400,0.0180064167145
16,243,5,2,75,10,0.414454295144061,0.414520717636251,-0.657844164021167,0.414414630391644,0.41445449949363,-0.106971427020716,0.529058605311209,0.504325878824554,-0.348264624670603,-0.950258369325947,2.52737165892422E-06,5.44698935370022E-06,400,0.0039700366731
16,244,5,2,100,10,0.414454295144061,0.414520717636251,-0.657844164021167,0.414414630391644,0.41445449949363,-0.106971427020716,0.529058605311209,0.504325878824554,-0.348264624670603,-0.950258369325947,2.52737165892422E-06,5.44698935370022E-06,400,0.00129165155094
16,245,5,2,125,10,0.414454295144061,0.414520717636251,-0.657844164021167,0.414414630391644,0.41445449949363,-0.106971427020716,0.529058605311209,0.504325878824554,-0.348264624670603,-0.950258369325947,2.52737165892422E-06,5.44698935370022E-06,400,0.00053027913633
16,246,5,2,150,10,0.414454295144061,0.414520717636251,-0.657844164021167,0.414414630391644,0.41445449949363,-0.106971427020716,0.529058605311209,0.504325878824554,-0.348264624670603,-0.950258369325947,2.52737165892422E-06,5.44698935370022E-06,400,0.000253083410244
16,247,5,2,175,10,0.414454295144061,0.414520717636251,-0.657844164021167,0.414414630391644,0.41445449949363,-0.106971427020716,0.529058605311209,0.504325878824554,-0.348264624670603,-0.950258369325947,2.52737165892422E-06,5.44698935370022E-06,400,0.000134013921866
16,248,5,2,200,10,0.414454295144061,0.414520717636251,-0.657844164021167,0.414414630391644,0.41445449949363,-0.106971427020716,0.529058605311209,0.504325878824554,-0.348264624670603,-0.950258369325947,2.52737165892422E-06,5.44698935370022E-06,400,7.64793569544E-05
16,249,5,2,225,10,0.414454295144061,0.414520717636251,-0.657844164021167,0.414414630391644,0.41445449949363,-0.106971427020716,0.529058605311209,0.504325878824554,-0.348264624670603,-0.950258369325947,2.52737165892422E-06,5.44698935370022E-06,400,4.61290848548E-05
16,250,5,2,250,10,0.414454295144061,0.414520717636251,-0.657844164021167,0.414414630391644,0.41445449949363,-0.106971427020716,0.529058605311209,0.504325878824554,-0.348264624670603,-0.950258369325947,2.52737165892422E-06,5.44698935370022E-06,400,2.89971082425E-05
16,251,5,2,275,10,0.414454295144061,0.414520717636251,-0.657844164021167,0.414414630391644,0.41445449949363,-0.106971427020716,0.529058605311209,0.504325878824554,-0.348264624670603,-0.950258369325947,2.52737165892422E-06,5.44698935370022E-06,400,1.87933072604E-05
16,252,5,2,300,10,0.414454295144061,0.414520717636251,-0.657844164021167,0.414414630391644,0.41445449949363,-0.106971427020716,0.529058605311209,0.504325878824554,-0.348264624670603,-0.950258369325947,2.52737165892422E-06,5.44698935370022E-06,400,1.24462570569E-05
16,253,5,2,325,10,0.414454295144061,0.414520717636251,-0.657844164021167,0.414414630391644,0.41445449949363,-0.106971427020716,0.529058605311209,0.504325878824554,-0.348264624670603,-0.950258369325947,2.52737165892422E-06,5.44698935370022E-06,400,8.35481073626E-06
16,254,5,2,350,10,0.414454295144061,0.414520717636251,-0.657844164021167,0.414414630391644,0.41445449949363,-0.106971427020716,0.529058605311209,0.504325878824554,-0.348264624670603,-0.950258369325947,2.52737165892422E-06,5.44698935370022E-06,400,5.63795515346E-06
16,255,5,2,375,10,0.414454295144061,0.414520717636251,-0.657844164021167,0.414414630391644,0.41445449949363,-0.106971427020716,0.529058605311209,0.504325878824554,-0.348264624670603,-0.950258369325947,2.52737165892422E-06,5.44698935370022E-06,400,3.78851505313E-06
16,256,5,2,400,10,0.414454295144061,0.414520717636251,-0.657844164021167,0.414414630391644,0.41445449949363,-0.106971427020716,0.529058605311209,0.504325878824554,-0.348264624670603,-0.950258369325947,2.52737165892422E-06,5.44698935370022E-06,400,2.52737165892E-06
