id,n,v_1,v_2,v_3,v_4,v_5,k,r,seed,gens,algorithm,kind,p_1,p_2,p_3,p_4,p_5,optimised error,suzuki error,% error,time
103,5,0.09640984945486153,0.16554078304766007,-0.7392959233634115,-0.32963147600991705,-0.4714438567589781,2,125,3901933,250,CMAES,p,0.41452571175792596,0.416220263539234,-0.6568250886855437,0.412076368661816,0.4140008651503471,0.0002364045401364081,0.0005460079975930028,43.296900627566494,698.362343788147
104,5,0.09640984945486153,0.16554078304766007,-0.7392959233634115,-0.32963147600991705,-0.4714438567589781,2,125,5560785,250,CMAES,p,0.41377852156670797,0.41441102488057824,-0.6568135192424558,0.41435727561313146,0.41426481148208016,0.0002361502483221173,0.0005460079975930028,43.250327717387194,697.5271322727203
105,5,0.09640984945486153,0.16554078304766007,-0.7392959233634115,-0.32963147600991705,-0.4714438567589781,2,125,5692317,250,CMAES,p,0.41377368781451795,0.4152170376157064,-0.6568175040827146,0.4132200252255018,0.41460486673856417,0.0002361534308552357,0.0005460079975930028,43.25091059037302,694.2375869750977
106,5,0.09640984945486153,0.16554078304766007,-0.7392959233634115,-0.32963147600991705,-0.4714438567589781,2,125,6016665,250,CMAES,p,0.4136858765234528,0.4142819253136393,-0.6568139384291123,0.41476724674947085,0.414077004166481,0.00023614605610808764,0.0005460079975930028,43.249559923866194,689.7717504501343
107,5,0.09640984945486153,0.16554078304766007,-0.7392959233634115,-0.32963147600991705,-0.4714438567589781,2,125,6335549,250,CMAES,p,0.41470711010083733,0.4140566632425936,-0.656814204023947,0.41458687669197536,0.41346167050937344,0.00023627294853647928,0.0005460079975930028,43.272799954955666,689.8217675685883
108,5,0.09640984945486153,0.16554078304766007,-0.7392959233634115,-0.32963147600991705,-0.4714438567589781,2,125,6387322,250,CMAES,p,0.41292303328045876,0.4166500863642669,-0.6568294541564738,0.41253066263484783,0.4147237873491857,0.00023620962600631425,0.0005460079975930028,43.26120259183202,689.9346990585327
109,5,0.09640984945486153,0.16554078304766007,-0.7392959233634115,-0.32963147600991705,-0.4714438567589781,2,125,7588418,250,CMAES,p,0.4141425043054186,0.4134637854675937,-0.6568138996319932,0.41483728276745346,0.4143684432647462,0.00023617407095606144,0.0005460079975930028,43.25469077324886,709.1102685928345
110,5,0.09640984945486153,0.16554078304766007,-0.7392959233634115,-0.32963147600991705,-0.4714438567589781,2,125,7822578,250,CMAES,p,0.412404574086882,0.41516315877291105,-0.6568197943275965,0.41513400600374684,0.41411617390796596,0.00023641620658805654,0.0005460079975930028,43.29903730902535,708.6844561100006
111,5,0.09640984945486153,0.16554078304766007,-0.7392959233634115,-0.32963147600991705,-0.4714438567589781,2,125,7913248,250,CMAES,p,0.4148420577393206,0.414820374685335,-0.6568147844501553,0.4132819378909934,0.41386853292465775,0.00023634801337088835,0.0005460079975930028,43.28654789175147,708.2092742919922
112,5,0.09640984945486153,0.16554078304766007,-0.7392959233634115,-0.32963147600991705,-0.4714438567589781,2,125,8597652,250,CMAES,p,0.4159293404347556,0.41399516817537907,-0.6568203687873021,0.41284508920044427,0.4140488930624179,0.00023670325150111404,0.0005460079975930028,43.351608867376676,703.4911415576935
113,5,0.09640984945486153,0.16554078304766007,-0.7392959233634115,-0.32963147600991705,-0.4714438567589781,2,125,8805269,250,CMAES,p,0.4145609164912285,0.4143506561933826,-0.6568149655359112,0.4135844451512397,0.4143170610510378,0.00023617168000801685,0.0005460079975930028,43.25425287709072,708.1594586372375
114,5,0.09640984945486153,0.16554078304766007,-0.7392959233634115,-0.32963147600991705,-0.4714438567589781,2,125,8996026,250,CMAES,p,0.4144346992707687,0.41418087813722737,-0.6568133091673476,0.41385511939900954,0.4143407273003751,0.00023614902470628387,0.0005460079975930028,43.25010361520575,707.16961145401
115,5,0.09640984945486153,0.16554078304766007,-0.7392959233634115,-0.32963147600991705,-0.4714438567589781,2,125,9001963,250,CMAES,p,0.41409628268571286,0.4131208986675843,-0.6568156318690959,0.4142466348487534,0.4153499363601448,0.00023642799723574848,0.0005460079975930028,43.301196736679145,713.3557250499725
116,5,0.09640984945486153,0.16554078304766007,-0.7392959233634115,-0.32963147600991705,-0.4714438567589781,2,125,9555957,250,CMAES,p,0.4140213111914482,0.41445234032531547,-0.6568131794775168,0.41431794613598744,0.4140196961203564,0.00023612418987199485,0.0005460079975930028,43.24555517738094,704.4093153476715
117,5,0.09640984945486153,0.16554078304766007,-0.7392959233634115,-0.32963147600991705,-0.4714438567589781,2,125,9809859,250,CMAES,p,0.4135044081545723,0.41484548215253825,-0.6568147941249233,0.4145161616715109,0.41394685578442125,0.00023612361877475862,0.0005460079975930028,43.2454505823496,698.8021023273468
118,5,0.09640984945486153,0.16554078304766007,-0.7392959233634115,-0.32963147600991705,-0.4714438567589781,2,125,9869527,250,CMAES,p,0.4152045434142266,0.4146114734116866,-0.6568161598133223,0.4129841685806417,0.4140140946821182,0.00023644055864079392,0.0005460079975930028,43.303497326615705,696.3118677139282
119,5,0.09640984945486153,0.16554078304766007,-0.7392959233634115,-0.32963147600991705,-0.4714438567589781,2,125,9926156,250,CMAES,p,0.41389245104494304,0.4146185730217881,-0.6568135075527612,0.41400728918239316,0.41429330872917464,0.00023613621228483426,0.0005460079975930028,43.24775705224219,696.8130300045013
120,5,0.09640984945486153,0.16554078304766007,-0.7392959233634115,-0.32963147600991705,-0.4714438567589781,2,125,9962042,250,CMAES,p,0.4138981451540399,0.4142267980668253,-0.6568134920434058,0.4147144006106081,0.4139722626004156,0.00023612512629538215,0.0005460079975930028,43.245726680983715,699.6319510936737
121,5,-0.14148262945720247,0.4992799373516386,-0.8450044399089445,0.5629205826890511,-0.6166066469120175,2,75,460591,250,CMAES,p,0.41170447027547,0.4164486154087466,-0.6540259952895862,0.4150473166503585,0.4108046653394055,0.0019306199958019931,0.006164282866649955,31.319458200840305,599.4033739566803
122,5,-0.14148262945720247,0.4992799373516386,-0.8450044399089445,0.5629205826890511,-0.6166066469120175,2,75,768387,250,CMAES,p,0.41377668120037925,0.413237357001012,-0.654076966960577,0.4191902298532405,0.4078519249013912,0.001937842389621123,0.006164282866649955,31.436623392240012,600.904618024826
123,5,-0.14148262945720247,0.4992799373516386,-0.8450044399089445,0.5629205826890511,-0.6166066469120175,2,75,948039,250,CMAES,p,0.41606287557244737,0.4131224418366402,-0.6540018209106193,0.4127915225448083,0.41200430513450054,0.001937293519455651,0.006164282866649955,31.427719352997407,599.7036044597626
124,5,-0.14148262945720247,0.4992799373516386,-0.8450044399089445,0.5629205826890511,-0.6166066469120175,2,75,1115242,250,CMAES,p,0.41541594644349583,0.41333271250082865,-0.6539976814391778,0.41363363553293936,0.41159467612220063,0.0019360049609866892,0.006164282866649955,31.40681572970761,596.948194026947
125,5,-0.14148262945720247,0.4992799373516386,-0.8450044399089445,0.5629205826890511,-0.6166066469120175,2,75,1187090,250,CMAES,p,0.416068897352063,0.41291521529485886,-0.6540056365128745,0.41158010805504786,0.41342073823927256,0.0019347153236901802,0.006164282866649955,31.385894605151723,593.5255227088928
126,5,-0.14148262945720247,0.4992799373516386,-0.8450044399089445,0.5629205826890511,-0.6166066469120175,2,75,1552725,250,CMAES,p,0.4140417059427089,0.41266248828043656,-0.6539948564987891,0.41296963131005193,0.41430026970825484,0.0019312810740479444,0.006164282866649955,31.33018253423402,595.2672765254974
127,5,-0.14148262945720247,0.4992799373516386,-0.8450044399089445,0.5629205826890511,-0.6166066469120175,2,75,1813704,250,CMAES,p,0.4154869737885542,0.4097619547859716,-0.6541801205591647,0.4073669094162689,0.42154365332193305,0.0019474079548822524,0.006164282866649955,31.59180065240244,624.8379709720612
128,5,-0.14148262945720247,0.4992799373516386,-0.8450044399089445,0.5629205826890511,-0.6166066469120175,2,75,2259964,250,CMAES,p,0.41588003110952476,0.41117401940169646,-0.6540178391693761,0.4120370463795681,0.4149060384517961,0.0019321669014471486,0.006164282866649955,31.34455285789319,627.062075138092
129,5,-0.14148262945720247,0.4992799373516386,-0.8450044399089445,0.5629205826890511,-0.6166066469120175,2,75,2422921,250,CMAES,p,0.41304392777603205,0.40859535701806904,-0.6540511145426943,0.4149044614957906,0.4174868316291443,0.0019441031101643748,0.006164282866649955,31.538187851215824,627.6783645153046
130,5,-0.14148262945720247,0.4992799373516386,-0.8450044399089445,0.5629205826890511,-0.6166066469120175,2,75,3488656,250,CMAES,p,0.4109397792560839,0.41699656353807324,-0.6540219639013636,0.41317745251906496,0.4128872804924569,0.0019307899323758378,0.006164282866649955,31.32221499473703,613.1428968906403
131,5,-0.14148262945720247,0.4992799373516386,-0.8450044399089445,0.5629205826890511,-0.6166066469120175,2,75,3648721,250,CMAES,p,0.41719680186540475,0.41340333984097893,-0.6540486345036343,0.4087413506847617,0.414686542643832,0.0019369770080224049,0.006164282866649955,31.422584750317853,608.3902444839478
132,5,-0.14148262945720247,0.4992799373516386,-0.8450044399089445,0.5629205826890511,-0.6166066469120175,2,75,3679669,250,CMAES,p,0.4122386118701414,0.41603480749448557,-0.6540068470233613,0.4127889237046044,0.4129236421413999,0.0019305738989721522,0.006164282866649955,31.31871039560751,595.9638297557831
13,5,-0.10697142702071627,0.529058605311209,0.5043258788245542,-0.3482646246706034,-0.9502583693259468,2,75,3901933,250,CMAES,p,0.4184292950028996,0.4099741708195794,-0.6550445343972265,0.41527307853201667,0.4113525962498634,0.0018632045785896925,0.004040300247899568,46.115497964744506,622.7201590538025
14,5,-0.10697142702071627,0.529058605311209,0.5043258788245542,-0.3482646246706034,-0.9502583693259468,2,75,5560785,250,CMAES,p,0.4145789040686337,0.4136284602521486,-0.6549876127589195,0.41248188028297905,0.4142828900822099,0.0018590479376701912,0.004040300247899568,46.01261845915177,626.6468689441681
15,5,-0.10697142702071627,0.529058605311209,0.5043258788245542,-0.3482646246706034,-0.9502583693259468,2,75,5692317,250,CMAES,p,0.41499632468367986,0.4120248587969947,-0.6549947971828498,0.41532861174864333,0.41262952165644795,0.0018596590230713346,0.004040300247899568,46.02774321136445,624.9043729305267
16,5,-0.10697142702071627,0.529058605311209,0.5043258788245542,-0.3482646246706034,-0.9502583693259468,2,75,6016665,250,CMAES,p,0.41611703547743895,0.41060628912937297,-0.6550075493512237,0.41435401344586503,0.4139147459449453,0.0018591564497352658,0.004040300247899568,46.01530420175545,621.6611480712891
17,5,-0.10697142702071627,0.529058605311209,0.5043258788245542,-0.3482646246706034,-0.9502583693259468,2,75,6335549,250,CMAES,p,0.41408067540890997,0.41075071017754694,-0.6550015867337902,0.4147015047753085,0.4154532368469423,0.0018596430973991025,0.004040300247899568,46.027349040851,626.4876394271851
18,5,-0.10697142702071627,0.529058605311209,0.5043258788245542,-0.3482646246706034,-0.9502583693259468,2,75,6387322,250,CMAES,p,0.4121491378042773,0.41441432300242287,-0.6551708697956409,0.40645937546944544,0.42213272369065014,0.001866302255293892,0.004040300247899568,46.19216743270817,623.1123242378235
133,5,-0.14148262945720247,0.4992799373516386,-0.8450044399089445,0.5629205826890511,-0.6166066469120175,2,75,3901933,250,CMAES,p,0.4178396236662885,0.41373034184811264,-0.6540272842800979,0.41094758672800846,0.41148923592464204,0.0019482081749528514,0.006164282866649955,31.604782212267715,609.5556876659393
134,5,-0.14148262945720247,0.4992799373516386,-0.8450044399089445,0.5629205826890511,-0.6166066469120175,2,75,5560785,250,CMAES,p,0.40931665963952,0.4136193234263697,-0.6540329352897954,0.41344819193340643,0.41762827149118076,0.001953844988105409,0.006164282866649955,31.696225341574024,591.1609983444214
135,5,-0.14148262945720247,0.4992799373516386,-0.8450044399089445,0.5629205826890511,-0.6166066469120175,2,75,5692317,250,CMAES,p,0.41649114027689516,0.4145169452305152,-0.6540179849602994,0.41038998070988386,0.4125993004610088,0.0019397930839673218,0.006164282866649955,31.468268506333537,579.9881899356842
136,5,-0.14148262945720247,0.4992799373516386,-0.8450044399089445,0.5629205826890511,-0.6166066469120175,2,75,6016665,250,CMAES,p,0.413005130820929,0.412672859364561,-0.6539956481603005,0.41431878095222957,0.4139780762490387,0.0019315879790439841,0.006164282866649955,31.3351612966088,580.2762541770935
137,5,-0.14148262945720247,0.4992799373516386,-0.8450044399089445,0.5629205826890511,-0.6166066469120175,2,75,6335549,250,CMAES,p,0.4150550572794139,0.40947471248423034,-0.6540322479746586,0.4160878738584247,0.41339383886268416,0.0019315318546560254,0.006164282866649955,31.334250819442634,578.6995732784271
138,5,-0.14148262945720247,0.4992799373516386,-0.8450044399089445,0.5629205826890511,-0.6166066469120175,2,75,6387322,250,CMAES,p,0.41276185903306745,0.4115470440064483,-0.6540104571650122,0.4162616842503542,0.41341905700100534,0.0019319466979958318,0.006164282866649955,31.340980610219287,579.4142825603485
139,5,-0.14148262945720247,0.4992799373516386,-0.8450044399089445,0.5629205826890511,-0.6166066469120175,2,75,7588418,250,CMAES,p,0.4164017096042811,0.41221770066053187,-0.6540259331147441,0.4105710113001384,0.4148148318888192,0.0019334938867436428,0.006164282866649955,31.366079859901376,623.7864503860474
140,5,-0.14148262945720247,0.4992799373516386,-0.8450044399089445,0.5629205826890511,-0.6166066469120175,2,75,7822578,250,CMAES,p,0.4101895691012611,0.4147644710415131,-0.6540129811255878,0.4130159221854289,0.41602235632370815,0.001941223871599257,0.006164282866649955,31.491479440401406,622.5449640750885
141,5,-0.14148262945720247,0.4992799373516386,-0.8450044399089445,0.5629205826890511,-0.6166066469120175,2,75,7913248,250,CMAES,p,0.41286316467498235,0.41441394296923967,-0.6540002386231307,0.41197639360262567,0.414725956115083,0.0019317255308197252,0.006164282866649955,31.337392728532294,618.1889007091522
142,5,-0.14148262945720247,0.4992799373516386,-0.8450044399089445,0.5629205826890511,-0.6166066469120175,2,75,8597652,250,CMAES,p,0.41589649312678184,0.4116982669021685,-0.6540102358408126,0.4147486738980011,0.4116460859826146,0.0019356749163015263,0.006164282866649955,31.40146158402185,614.2482054233551
143,5,-0.14148262945720247,0.4992799373516386,-0.8450044399089445,0.5629205826890511,-0.6166066469120175,2,75,8805269,250,CMAES,p,0.41389668630141085,0.41057874666418104,-0.6540088554901975,0.4156820178487787,0.41383065727933377,0.001931688429711823,0.006164282866649955,31.336790856283656,615.9560797214508
144,5,-0.14148262945720247,0.4992799373516386,-0.8450044399089445,0.5629205826890511,-0.6166066469120175,2,75,8996026,250,CMAES,p,0.4109798108376391,0.4117668311894874,-0.6540710682797473,0.41108141296533074,0.4202227021817917,0.0019590887860817833,0.006164282866649955,31.781292787209015,614.6868274211884
145,5,-0.14148262945720247,0.4992799373516386,-0.8450044399089445,0.5629205826890511,-0.6166066469120175,2,75,9001963,250,CMAES,p,0.41029537530412463,0.4147590961259528,-0.6540114777811479,0.4131491039766687,0.41578721716169675,0.0019400618149298086,0.006164282866649955,31.472627990937017,615.4786689281464
146,5,-0.14148262945720247,0.4992799373516386,-0.8450044399089445,0.5629205826890511,-0.6166066469120175,2,75,9555957,250,CMAES,p,0.4168307885700974,0.41171219062709075,-0.6540126733204629,0.41265456012220547,0.4127944849464838,0.0019368359854715126,0.006164282866649955,31.420297013788833,615.1931562423706
147,5,-0.14148262945720247,0.4992799373516386,-0.8450044399089445,0.5629205826890511,-0.6166066469120175,2,75,9809859,250,CMAES,p,0.4129740763219983,0.41538491899626306,-0.6540008761064725,0.4122762308459451,0.413344825469089,0.0019308507556795704,0.006164282866649955,31.323201700004265,610.9195680618286
148,5,-0.14148262945720247,0.4992799373516386,-0.8450044399089445,0.5629205826890511,-0.6166066469120175,2,75,9869527,250,CMAES,p,0.412194969740711,0.41503127762581116,-0.6540189463168589,0.4160069403005176,0.41076485170936183,0.0019306796445414198,0.006164282866649955,31.320425851753104,610.2982144355774
149,5,-0.14148262945720247,0.4992799373516386,-0.8450044399089445,0.5629205826890511,-0.6166066469120175,2,75,9926156,250,CMAES,p,0.41211030727925224,0.4134985836127721,-0.6539955592631328,0.41463887816859796,0.41372697869533726,0.001931950694793176,0.006164282866649955,31.341045448213105,611.5950396060944
150,5,-0.14148262945720247,0.4992799373516386,-0.8450044399089445,0.5629205826890511,-0.6166066469120175,2,75,9962042,250,CMAES,p,0.4163957779995437,0.4075153988608832,-0.6540740620326686,0.4162536701375944,0.4138884998193408,0.0019323294773814677,0.006164282866649955,31.347190243909306,610.5954744815826
151,5,-0.14148262945720247,0.4992799373516386,-0.8450044399089445,0.5629205826890511,-0.6166066469120175,2,125,460591,250,CMAES,p,0.41492997753329985,0.41393919084629566,-0.6564089631028401,0.4134809891182697,0.414055809853401,0.0002671379393660445,0.0008516452848824616,31.36727744613922,687.7809362411499
152,5,-0.14148262945720247,0.4992799373516386,-0.8450044399089445,0.5629205826890511,-0.6166066469120175,2,125,768387,250,CMAES,p,0.4134802198057534,0.4144576861386703,-0.6564100043359544,0.4148607455513814,0.4136083507404597,0.000266880962839441,0.0008516452848824616,31.337103319520416,685.8643445968628
153,5,-0.14148262945720247,0.4992799373516386,-0.8450044399089445,0.5629205826890511,-0.6166066469120175,2,125,948039,250,CMAES,p,0.4137162617038484,0.41432960182918677,-0.6564078294992243,0.41415394865042493,0.41420501788942427,0.00026695469198159905,0.0008516452848824616,31.345760579000018,683.0602023601532
154,5,-0.14148262945720247,0.4992799373516386,-0.8450044399089445,0.5629205826890511,-0.6166066469120175,2,125,1115242,250,CMAES,p,0.4111653889496464,0.4152651707438844,-0.6564335307995025,0.41277402804219904,0.4172260018756802,0.0002708903206468732,0.0008516452848824616,31.807881221846912,681.30579662323
155,5,-0.14148262945720247,0.4992799373516386,-0.8450044399089445,0.5629205826890511,-0.6166066469120175,2,125,1187090,250,CMAES,p,0.4126915156877489,0.41518529789006503,-0.6564122940925439,0.4144837007959166,0.4140487810842713,0.0002670705482639071,0.0008516452848824616,31.359364397909676,680.9748966693878
156,5,-0.14148262945720247,0.4992799373516386,-0.8450044399089445,0.5629205826890511,-0.6166066469120175,2,125,1552725,250,CMAES,p,0.4141435711187295,0.41479562199632447,-0.6564086194029469,0.41353580491746766,0.41393062270050335,0.00026697431894121676,0.0008516452848824616,31.348065172234563,681.205454826355
157,5,-0.14148262945720247,0.4992799373516386,-0.8450044399089445,0.5629205826890511,-0.6166066469120175,2,125,1813704,250,CMAES,p,0.41382618935454796,0.41405035608946283,-0.6564082613913633,0.4146189556479402,0.4139097599220046,0.0002669198448991598,0.0008516452848824616,31.341668842327742,701.3459119796753
158,5,-0.14148262945720247,0.4992799373516386,-0.8450044399089445,0.5629205826890511,-0.6166066469120175,2,125,2259964,250,CMAES,p,0.41208857320098613,0.41449610186726654,-0.6564128523610328,0.41484047318790895,0.41498472381146156,0.0002681598035612426,0.0008516452848824616,31.48726451274279,704.2020936012268
159,5,-0.14148262945720247,0.4992799373516386,-0.8450044399089445,0.5629205826890511,-0.6166066469120175,2,125,2422921,250,CMAES,p,0.41511700946147545,0.41207500682023007,-0.6564171355327553,0.415133250685887,0.41408887150516566,0.0002670295285751602,0.0008516452848824616,31.354547875177147,699.6418743133545
160,5,-0.14148262945720247,0.4992799373516386,-0.8450044399089445,0.5629205826890511,-0.6166066469120175,2,125,3488656,250,CMAES,p,0.4144226939532121,0.41400656901953703,-0.6564081533297461,0.4144243751608411,0.41355151685241764,0.00026701879826234294,0.0008516452848824616,31.353287924231868,697.9482371807098
161,5,-0.14148262945720247,0.4992799373516386,-0.8450044399089445,0.5629205826890511,-0.6166066469120175,2,125,3648721,250,CMAES,p,0.4141834278083936,0.41502716058005856,-0.6564130909516398,0.414814203961167,0.4123853044558801,0.0002673573297716533,0.0008516452848824616,31.393038218787556,701.0567507743835
162,5,-0.14148262945720247,0.4992799373516386,-0.8450044399089445,0.5629205826890511,-0.6166066469120175,2,125,3679669,250,CMAES,p,0.41497073881712804,0.4139017750569764,-0.6564137216200607,0.41520137443972416,0.4123368449380764,0.00026769470133269387,0.0008516452848824616,31.43265231247529,700.4842891693115
163,5,-0.14148262945720247,0.4992799373516386,-0.8450044399089445,0.5629205826890511,-0.6166066469120175,2,125,3901933,250,CMAES,p,0.41436721620914047,0.4149581982860552,-0.6564125326633741,0.414617103297224,0.41246702122576945,0.0002674457271823836,0.0008516452848824616,31.403417823101627,686.5638747215271
164,5,-0.14148262945720247,0.4992799373516386,-0.8450044399089445,0.5629205826890511,-0.6166066469120175,2,125,5560785,250,CMAES,p,0.4153704850220357,0.41282938779444006,-0.656412299406813,0.41429484549446577,0.413914586594041,0.0002672013068222192,0.0008516452848824616,31.374718038754427,688.0986375808716
165,5,-0.14148262945720247,0.4992799373516386,-0.8450044399089445,0.5629205826890511,-0.6166066469120175,2,125,5692317,250,CMAES,p,0.4144266610036669,0.4117367539101312,-0.656419744466264,0.4151779326671863,0.4150754032349386,0.0002673525927908306,0.0008516452848824616,31.392482003552548,687.9989812374115
166,5,-0.14148262945720247,0.4992799373516386,-0.8450044399089445,0.5629205826890511,-0.6166066469120175,2,125,6016665,250,CMAES,p,0.4145140366777867,0.41443573466297373,-0.6564109573835083,0.4128847923169908,0.4145733953731984,0.00026701482943047877,0.0008516452848824616,31.35282190487679,682.6568973064423
167,5,-0.14148262945720247,0.4992799373516386,-0.8450044399089445,0.5629205826890511,-0.6166066469120175,2,125,6335549,250,CMAES,p,0.41373852620012563,0.41444105622162,-0.6564086872873521,0.41413449556914056,0.4140916076527897,0.0002669308936179592,0.0008516452848824616,31.342966180432647,681.7648618221283
168,5,-0.14148262945720247,0.4992799373516386,-0.8450044399089445,0.5629205826890511,-0.6166066469120175,2,125,6387322,250,CMAES,p,0.41391334794823176,0.41137300554054496,-0.656429888410136,0.4168343679923298,0.41430617473907033,0.0002673832695625682,0.0008516452848824616,31.39608406326944,682.3699390888214
169,5,-0.14148262945720247,0.4992799373516386,-0.8450044399089445,0.5629205826890511,-0.6166066469120175,2,125,7588418,250,CMAES,p,0.4144752938703645,0.41522472457883797,-0.6564110347407083,0.41355436940116036,0.41315365244471103,0.0002673479957352707,0.0008516452848824616,31.391942218310792,676.1893622875214
170,5,-0.14148262945720247,0.4992799373516386,-0.8450044399089445,0.5629205826890511,-0.6166066469120175,2,125,7822578,250,CMAES,p,0.41403048106325696,0.41362403283960186,-0.6564094432993183,0.4149656825548475,0.41378624634280375,0.00026691962597064593,0.0008516452848824616,31.341643135790317,675.5910456180573
171,5,-0.14148262945720247,0.4992799373516386,-0.8450044399089445,0.5629205826890511,-0.6166066469120175,2,125,7913248,250,CMAES,p,0.4146320142707015,0.4133363490770132,-0.6564115028573756,0.41328770583226926,0.4151524379471223,0.0002670846620872707,0.0008516452848824616,31.361021639911026,675.4021961688995
172,5,-0.14148262945720247,0.4992799373516386,-0.8450044399089445,0.5629205826890511,-0.6166066469120175,2,125,8597652,250,CMAES,p,0.41486951498017366,0.4129650643536487,-0.6564108993610748,0.41400273906501367,0.4145705837146128,0.0002670234409461509,0.0008516452848824616,31.35383306713237,673.7172343730927
173,5,-0.14148262945720247,0.4992799373516386,-0.8450044399089445,0.5629205826890511,-0.6166066469120175,2,125,8805269,250,CMAES,p,0.4152889110780986,0.4151499342954573,-0.6564143031303198,0.41248684390966983,0.41348562875156486,0.0002678476532855683,0.0008516452848824616,31.45061189677517,668.2839708328247
174,5,-0.14148262945720247,0.4992799373516386,-0.8450044399089445,0.5629205826890511,-0.6166066469120175,2,125,8996026,250,CMAES,p,0.4148607160812112,0.4136077602790516,-0.6564085311424109,0.41427481709131775,0.41366224210713015,0.0002671275743360521,0.0008516452848824616,31.366060386622028,636.1043725013733
1,5,-0.10697142702071627,0.529058605311209,0.5043258788245542,-0.3482646246706034,-0.9502583693259468,2,75,460591,250,CMAES,p,0.41278779837988944,0.41444838779096743,-0.6549897314427345,0.4154417286272455,0.4122963150601469,0.0018598464477097782,0.004040300247899568,46.03238209033244,603.5421135425568
2,5,-0.10697142702071627,0.529058605311209,0.5043258788245542,-0.3482646246706034,-0.9502583693259468,2,75,768387,250,CMAES,p,0.4124818972618294,0.41165615646835374,-0.6549966899783155,0.41497659445421425,0.41586660343290544,0.0018612815671112672,0.004040300247899568,46.06790220798299,604.7595522403717
3,5,-0.10697142702071627,0.529058605311209,0.5043258788245542,-0.3482646246706034,-0.9502583693259468,2,75,948039,250,CMAES,p,0.413971200947481,0.4128572453758147,-0.6549854056311186,0.4146831269992206,0.41345834416327876,0.0018592974317373206,0.004040300247899568,46.01879359594411,606.3194468021393
4,5,-0.10697142702071627,0.529058605311209,0.5043258788245542,-0.3482646246706034,-0.9502583693259468,2,75,1115242,250,CMAES,p,0.41445204719135326,0.41299056993799654,-0.6549851666880167,0.4144181981903917,0.4131088672515843,0.0018593997764722503,0.004040300247899568,46.02132669320546,608.3367300033569
5,5,-0.10697142702071627,0.529058605311209,0.5043258788245542,-0.3482646246706034,-0.9502583693259468,2,75,1187090,250,CMAES,p,0.4149934605338267,0.4136185976491908,-0.655003236961089,0.4108852901950199,0.4154904224739088,0.001858805816649801,0.004040300247899568,46.006625809954066,606.7891986370087
6,5,-0.10697142702071627,0.529058605311209,0.5043258788245542,-0.3482646246706034,-0.9502583693259468,2,75,1552725,250,CMAES,p,0.4125267780772139,0.41389291677785667,-0.6549971910608734,0.41632190384251555,0.41224008584802496,0.0018599593881215627,0.004040300247899568,46.035177437332784,602.8861722946167
175,5,-0.14148262945720247,0.4992799373516386,-0.8450044399089445,0.5629205826890511,-0.6166066469120175,2,125,9001963,250,CMAES,p,0.41447773805260124,0.4144412699600963,-0.6564081186268184,0.4144809457272604,0.4130051718609196,0.00026722492629489955,0.0008516452848824616,31.377491431985106,682.0283694267273
176,5,-0.14148262945720247,0.4992799373516386,-0.8450044399089445,0.5629205826890511,-0.6166066469120175,2,125,9555957,250,CMAES,p,0.4138809005300111,0.41420859719089154,-0.6564080029583181,0.41445514054556826,0.4138603643399057,0.0002669130627975128,0.0008516452848824616,31.340872489460253,681.5225033760071
177,5,-0.14148262945720247,0.4992799373516386,-0.8450044399089445,0.5629205826890511,-0.6166066469120175,2,125,9809859,250,CMAES,p,0.4130307898932176,0.4149193330728647,-0.6564113669602983,0.41345408909241815,0.4150041616254836,0.00026733399010648814,0.0008516452848824616,31.39029768049309,676.0894734859467
178,5,-0.14148262945720247,0.4992799373516386,-0.8450044399089445,0.5629205826890511,-0.6166066469120175,2,125,9869527,250,CMAES,p,0.4140040367426776,0.41403363157047335,-0.6564114622613103,0.41523517144141314,0.4131356208720399,0.00026693086668280074,0.0008516452848824616,31.34296301771233,675.7829873561859
179,5,-0.14148262945720247,0.4992799373516386,-0.8450044399089445,0.5629205826890511,-0.6166066469120175,2,125,9926156,250,CMAES,p,0.41415395155115886,0.4145750319092856,-0.6564081057083571,0.41363117985877,0.41404494353317706,0.0002669586461167861,0.0008516452848824616,31.346224872674533,676.336681842804
180,5,-0.14148262945720247,0.4992799373516386,-0.8450044399089445,0.5629205826890511,-0.6166066469120175,2,125,9962042,250,CMAES,p,0.41366798204262356,0.4149948878613083,-0.6564129175942544,0.4149263047031417,0.412820741179742,0.0002669544518877175,0.0008516452848824616,31.345732387229823,675.1815025806427
181,5,0.999084104496638,0.2196479105213669,0.1592370069643183,0.7608713011021457,0.8513853262934397,2,75,460591,250,CMAES,p,0.41452864203291473,0.41313451584414157,-0.6551828451043805,0.41339979315199815,0.4141073213839922,0.0017396905672126847,0.0038239202645567604,45.4949488182996,623.5360465049744
182,5,0.999084104496638,0.2196479105213669,0.1592370069643183,0.7608713011021457,0.8513853262934397,2,75,768387,250,CMAES,p,0.41310429196746395,0.4117671234339908,-0.6551943103645581,0.4157508684817931,0.4145594477299935,0.0017404972561064268,0.0038239202645567604,45.51604467903758,624.30384349823
183,5,0.999084104496638,0.2196479105213669,0.1592370069643183,0.7608713011021457,0.8513853262934397,2,75,948039,250,CMAES,p,0.4133311272173591,0.41378278108786487,-0.6551801669838873,0.4144187534463255,0.41363492336672975,0.0017403921601169573,0.0038239202645567604,45.5132962956457,619.7195863723755
184,5,0.999084104496638,0.2196479105213669,0.1592370069643183,0.7608713011021457,0.8513853262934397,2,75,1115242,250,CMAES,p,0.41527503556915185,0.41315947389885505,-0.6552078765986208,0.4108322001947193,0.4159286168091829,0.0017387655444500592,0.0038239202645567604,45.47075838809634,618.4415454864502
185,5,0.999084104496638,0.2196479105213669,0.1592370069643183,0.7608713011021457,0.8513853262934397,2,75,1187090,250,CMAES,p,0.4169659910767644,0.413204050120919,-0.6552065569846602,0.4135417953784952,0.411482147418456,0.0017415292727465403,0.0038239202645567604,45.54303312463041,621.0070657730103
186,5,0.999084104496638,0.2196479105213669,0.1592370069643183,0.7608713011021457,0.8513853262934397,2,75,1552725,250,CMAES,p,0.41648375577009983,0.4122859181223811,-0.6552005794079112,0.41237285469992996,0.41404549685339814,0.0017393230713317488,0.0038239202645567604,45.485338369976645,614.4173200130463
187,5,0.999084104496638,0.2196479105213669,0.1592370069643183,0.7608713011021457,0.8513853262934397,2,75,1813704,250,CMAES,p,0.41429016324644036,0.4148805972478669,-0.6551835763190135,0.4130084369958501,0.4129918012945557,0.0017404364796215386,0.0038239202645567604,45.514455302672914,633.9139220714569
188,5,0.999084104496638,0.2196479105213669,0.1592370069643183,0.7608713011021457,0.8513853262934397,2,75,2259964,250,CMAES,p,0.41434119424739446,0.41285268003450054,-0.65518241430376,0.4144318253647513,0.41354414118877103,0.0017400159644480166,0.0038239202645567604,45.50345833766243,632.1174507141113
189,5,0.999084104496638,0.2196479105213669,0.1592370069643183,0.7608713011021457,0.8513853262934397,2,75,2422921,250,CMAES,p,0.4131832750966651,0.4160349433691557,-0.6551928965377517,0.41202815329175235,0.4139339424058922,0.001740414722358905,0.0038239202645567604,45.51388632473592,630.050057888031
190,5,0.999084104496638,0.2196479105213669,0.1592370069643183,0.7608713011021457,0.8513853262934397,2,75,3488656,250,CMAES,p,0.4115251825103144,0.417367839999092,-0.6552092696219928,0.4140592593082534,0.4122443756996547,0.001741952826658241,0.0038239202645567604,45.55410955620841,627.9526810646057
191,5,0.999084104496638,0.2196479105213669,0.1592370069643183,0.7608713011021457,0.8513853262934397,2,75,3648721,250,CMAES,p,0.4153933581761259,0.41408219512503097,-0.6552002967333386,0.4109612142480099,0.41475096972643904,0.0017392699106532814,0.0038239202645567604,45.48394815588249,628.1589992046356
192,5,0.999084104496638,0.2196479105213669,0.1592370069643183,0.7608713011021457,0.8513853262934397,2,75,3679669,250,CMAES,p,0.41289115131539633,0.4134628149251498,-0.6551831754581753,0.415124690883475,0.4136919333802605,0.0017406432898304052,0.0038239202645567604,45.519863632202785,625.4362659454346
19,5,-0.10697142702071627,0.529058605311209,0.5043258788245542,-0.3482646246706034,-0.9502583693259468,2,75,7588418,250,CMAES,p,0.41448375528285225,0.4129627443899,-0.6549864563910855,0.413236447838542,0.41428802913894686,0.0018590187123395682,0.004040300247899568,46.01189511363708,624.3340857028961
20,5,-0.10697142702071627,0.529058605311209,0.5043258788245542,-0.3482646246706034,-0.9502583693259468,2,75,7822578,250,CMAES,p,0.4134164780470317,0.41608616290267625,-0.654993524097476,0.4125634174976368,0.4129119740111039,0.0018598162141368038,0.004040300247899568,46.03163379017851,627.3751585483551
21,5,-0.10697142702071627,0.529058605311209,0.5043258788245542,-0.3482646246706034,-0.9502583693259468,2,75,7913248,250,CMAES,p,0.41305368420148825,0.41477795268975626,-0.6550112493174468,0.4107053336121572,0.4164588179046015,0.0018598105584950169,0.004040300247899568,46.03149380944837,625.694785118103
22,5,-0.10697142702071627,0.529058605311209,0.5043258788245542,-0.3482646246706034,-0.9502583693259468,2,75,8597652,250,CMAES,p,0.40968353989045597,0.4148668547668112,-0.655012749971238,0.41353859446851315,0.41690837853707413,0.0018650918936356988,0.004040300247899568,46.162210212107496,624.5355322360992
23,5,-0.10697142702071627,0.529058605311209,0.5043258788245542,-0.3482646246706034,-0.9502583693259468,2,75,8805269,250,CMAES,p,0.41318787046453903,0.4168993216613541,-0.6550017155343799,0.4129973933004868,0.4119016386056418,0.001860528505022219,0.004040300247899568,46.04926344247442,623.7443871498108
24,5,-0.10697142702071627,0.529058605311209,0.5043258788245542,-0.3482646246706034,-0.9502583693259468,2,75,8996026,250,CMAES,p,0.41307954764175214,0.4141483112170458,-0.6549903752805332,0.4123509300976544,0.41539611465904264,0.0018595702967607955,0.004040300247899568,46.02554717876551,624.2440276145935
193,5,0.999084104496638,0.2196479105213669,0.1592370069643183,0.7608713011021457,0.8513853262934397,2,75,3901933,250,CMAES,p,0.41374046313083684,0.41389708820863264,-0.6551887965735407,0.41223980340919697,0.4152988710892427,0.0017396302374166834,0.0038239202645567604,45.49337112337325,629.0986444950104
194,5,0.999084104496638,0.2196479105213669,0.1592370069643183,0.7608713011021457,0.8513853262934397,2,75,5560785,250,CMAES,p,0.41196487036285356,0.4153680797901546,-0.6551938617978516,0.41268506715778336,0.41516326102065115,0.0017407723722507931,0.0038239202645567604,45.52323928889689,631.5186467170715
195,5,0.999084104496638,0.2196479105213669,0.1592370069643183,0.7608713011021457,0.8513853262934397,2,75,5692317,250,CMAES,p,0.4137145955291164,0.41693611917141205,-0.6552074191055917,0.4137503375084863,0.4107937653008936,0.0017423475425459632,0.0038239202645567604,45.564431839635205,631.6310575008392
196,5,0.999084104496638,0.2196479105213669,0.1592370069643183,0.7608713011021457,0.8513853262934397,2,75,6016665,250,CMAES,p,0.41165018526194697,0.41801974310134293,-0.6552161623305703,0.4123194819895259,0.4132141610882608,0.0017415589051522752,0.0038239202645567604,45.54380804679628,629.2035870552063
197,5,0.999084104496638,0.2196479105213669,0.1592370069643183,0.7608713011021457,0.8513853262934397,2,75,6335549,250,CMAES,p,0.41371006960974904,0.41172855623690136,-0.6551918926274418,0.41550650659331073,0.4142341836897275,0.0017401583134837425,0.0038239202645567604,45.50718093190807,624.176952123642
198,5,0.999084104496638,0.2196479105213669,0.1592370069643183,0.7608713011021457,0.8513853262934397,2,75,6387322,250,CMAES,p,0.41608752794325743,0.4159950798257165,-0.6552198323964463,0.4131027883833095,0.4100218389238192,0.0017434814940426393,0.0038239202645567604,45.594086001286705,624.0101931095123
199,5,0.999084104496638,0.2196479105213669,0.1592370069643183,0.7608713011021457,0.8513853262934397,2,75,7588418,250,CMAES,p,0.41348162082112794,0.4138314733666725,-0.6551842722715567,0.41284702106645793,0.4150115882169941,0.001739851221058905,0.0038239202645567604,45.4991501048094,653.794308423996
200,5,0.999084104496638,0.2196479105213669,0.1592370069643183,0.7608713011021457,0.8513853262934397,2,75,7822578,250,CMAES,p,0.41493205130378985,0.4126605566055543,-0.6551894252672904,0.4151213915242996,0.41246284570267233,0.001740461963597033,0.0038239202645567604,45.51512173852228,652.019305229187
201,5,0.999084104496638,0.2196479105213669,0.1592370069643183,0.7608713011021457,0.8513853262934397,2,75,7913248,250,CMAES,p,0.4138334554484213,0.4147908663796763,-0.6551816435400639,0.4134917199056888,0.4130530200679771,0.001740491790124901,0.0038239202645567604,45.51590173720962,649.3187799453735
202,5,0.999084104496638,0.2196479105213669,0.1592370069643183,0.7608713011021457,0.8513853262934397,2,75,8597652,250,CMAES,p,0.41617263731307363,0.4100820374503196,-0.6552227414110595,0.4161798900174286,0.4127756036383748,0.0017400650879564228,0.0038239202645567604,45.50474297502429,650.4349904060364
203,5,0.999084104496638,0.2196479105213669,0.1592370069643183,0.7608713011021457,0.8513853262934397,2,75,8805269,250,CMAES,p,0.41421237081112977,0.41364363991803016,-0.6551803740919235,0.41368614291138717,0.4136256442571803,0.001740027105065271,0.0038239202645567604,45.50374967787049,646.2134666442871
204,5,0.999084104496638,0.2196479105213669,0.1592370069643183,0.7608713011021457,0.8513853262934397,2,75,8996026,250,CMAES,p,0.4115538643228309,0.4135585780976907,-0.6551947026197653,0.41441607422442334,0.4156535988304517,0.0017413831519907243,0.0038239202645567604,45.53921189548056,643.3962438106537
205,5,0.999084104496638,0.2196479105213669,0.1592370069643183,0.7608713011021457,0.8513853262934397,2,75,9001963,250,CMAES,p,0.4139883738425716,0.41545369672649957,-0.6551865132365426,0.41342471144181125,0.4123071478558974,0.0017409680648120267,0.0038239202645567604,45.528356878901256,629.0121786594391
206,5,0.999084104496638,0.2196479105213669,0.1592370069643183,0.7608713011021457,0.8513853262934397,2,75,9555957,250,CMAES,p,0.4138529227291369,0.4140679926936001,-0.6551798616264556,0.41377597622830337,0.41347038979656386,0.0017402368585248107,0.0038239202645567604,45.5092349768576,631.5321607589722
207,5,0.999084104496638,0.2196479105213669,0.1592370069643183,0.7608713011021457,0.8513853262934397,2,75,9809859,250,CMAES,p,0.4139703321511923,0.4142262317762559,-0.6551831523664083,0.41452209753620856,0.41245190121517034,0.0017407465092089112,0.0038239202645567604,45.522562940016876,632.0278604030609
208,5,0.999084104496638,0.2196479105213669,0.1592370069643183,0.7608713011021457,0.8513853262934397,2,75,9869527,250,CMAES,p,0.41280930134608257,0.4141995064489377,-0.6551935006075967,0.4122717211203543,0.4159004009967678,0.0017401132100197348,0.0038239202645567604,45.50600142342234,628.1467537879944
209,5,0.999084104496638,0.2196479105213669,0.1592370069643183,0.7608713011021457,0.8513853262934397,2,75,9926156,250,CMAES,p,0.4146705866372724,0.4149907022896997,-0.6551878401638711,0.4120279519507677,0.4134860364447786,0.0017401303869263207,0.0038239202645567604,45.506450619676386,630.5345513820648
210,5,0.999084104496638,0.2196479105213669,0.1592370069643183,0.7608713011021457,0.8513853262934397,2,75,9962042,250,CMAES,p,0.4143368503057692,0.4136914586754479,-0.6551939678539097,0.41575204695937523,0.41140101985673616,0.0017413336006957762,0.0038239202645567604,45.53791607099888,626.0837154388428
211,5,0.999084104496638,0.2196479105213669,0.1592370069643183,0.7608713011021457,0.8513853262934397,2,125,460591,250,CMAES,p,0.41503882618296184,0.41220564167653195,-0.6568896335464091,0.415353928037452,0.414289442753146,0.0002427090500409216,0.0005282017139333929,45.950068626912405,683.1035163402557
212,5,0.999084104496638,0.2196479105213669,0.1592370069643183,0.7608713011021457,0.8513853262934397,2,125,768387,250,CMAES,p,0.4134370499688556,0.414683103892324,-0.6568812114240188,0.4147162818722645,0.4140429818845629,0.00024273217976037334,0.0005282017139333929,45.95444758268661,687.5636003017426
213,5,0.999084104496638,0.2196479105213669,0.1592370069643183,0.7608713011021457,0.8513853262934397,2,125,948039,250,CMAES,p,0.413886850120268,0.4141592321427201,-0.6568800577078006,0.4142424241169042,0.41458975757486405,0.0002427204790280856,0.0005282017139333929,45.95223238118705,676.0523600578308
214,5,0.999084104496638,0.2196479105213669,0.1592370069643183,0.7608713011021457,0.8513853262934397,2,125,1115242,250,CMAES,p,0.41447265847861764,0.4142151158933415,-0.6568799145079168,0.41435543935164837,0.413834907287611,0.00024271956399832208,0.0005282017139333929,45.952059146277094,670.3892002105713
215,5,0.999084104496638,0.2196479105213669,0.1592370069643183,0.7608713011021457,0.8513853262934397,2,125,1187090,250,CMAES,p,0.41482453031098887,0.41408429633795124,-0.6568813276760943,0.4135014951380444,0.41446921217613214,0.00024270542194663338,0.0005282017139333929,45.949381750252876,653.9499702453613
216,5,0.999084104496638,0.2196479105213669,0.1592370069643183,0.7608713011021457,0.8513853262934397,2,125,1552725,250,CMAES,p,0.414279199699753,0.4146012909074724,-0.6568799736907658,0.41413184613617204,0.41386584339600907,0.00024272000159913587,0.0005282017139333929,45.952141993568624,651.8035304546356
217,5,0.999084104496638,0.2196479105213669,0.1592370069643183,0.7608713011021457,0.8513853262934397,2,125,1813704,250,CMAES,p,0.41394771044685985,0.4147062092722301,-0.6568800704876006,0.41390860621684467,0.41431575149209204,0.00024271395229740587,0.0005282017139333929,45.95099673001297,702.866313457489
218,5,0.999084104496638,0.2196479105213669,0.1592370069643183,0.7608713011021457,0.8513853262934397,2,125,2259964,250,CMAES,p,0.4142262074396501,0.41433923446117427,-0.6568795082109421,0.4142003713316452,0.41411190176702495,0.00024271206602556082,0.0005282017139333929,45.9506396179864,699.363657951355
219,5,0.999084104496638,0.2196479105213669,0.1592370069643183,0.7608713011021457,0.8513853262934397,2,125,2422921,250,CMAES,p,0.4145842319612461,0.4140416816790157,-0.6568800757813702,0.4143862535619105,0.41386611510841176,0.0002427186659941617,0.0005282017139333929,45.95188913468177,699.8065168857574
220,5,0.999084104496638,0.2196479105213669,0.1592370069643183,0.7608713011021457,0.8513853262934397,2,125,3488656,250,CMAES,p,0.41488605244299015,0.4144597586097047,-0.656882741269552,0.41450579534070275,0.4130293414206793,0.00024278740324716052,0.0005282017139333929,45.96490258223138,699.5312190055847
221,5,0.999084104496638,0.2196479105213669,0.1592370069643183,0.7608713011021457,0.8513853262934397,2,125,3648721,250,CMAES,p,0.41460664557443766,0.41337656488920294,-0.6568816164273059,0.41484502779220656,0.4140515847413529,0.0002427104032530437,0.0005282017139333929,45.95032481921289,698.8433969020844
222,5,0.999084104496638,0.2196479105213669,0.1592370069643183,0.7608713011021457,0.8513853262934397,2,125,3679669,250,CMAES,p,0.413840913061589,0.414382977618691,-0.6568805531540884,0.4138916670481259,0.41476320183958365,0.00024272191135125197,0.0005282017139333929,45.952503550917974,698.221940279007
223,5,0.999084104496638,0.2196479105213669,0.1592370069643183,0.7608713011021457,0.8513853262934397,2,125,3901933,250,CMAES,p,0.4159110851063346,0.41310514795544206,-0.6568869241004974,0.41373213319070345,0.41413676419712314,0.0002427486804661365,0.0005282017139333929,45.957571522902604,680.4131636619568
224,5,0.999084104496638,0.2196479105213669,0.1592370069643183,0.7608713011021457,0.8513853262934397,2,125,5560785,250,CMAES,p,0.41421199656834207,0.413998622717205,-0.6568801727571966,0.4142330652068282,0.41443469321011567,0.00024270949827831926,0.0005282017139333929,45.95015348793914,681.7015488147736
225,5,0.999084104496638,0.2196479105213669,0.1592370069643183,0.7608713011021457,0.8513853262934397,2,125,5692317,250,CMAES,p,0.4127609882077108,0.41445321098675647,-0.6568843360520277,0.41502215275372456,0.41464619034822553,0.0002428087203033513,0.0005282017139333929,45.96893836167481,680.0530893802643
226,5,0.999084104496638,0.2196479105213669,0.1592370069643183,0.7608713011021457,0.8513853262934397,2,125,6016665,250,CMAES,p,0.41501374403758645,0.4139645623673514,-0.6568818293897577,0.4134286322824936,0.4144730977964933,0.00024270779395390018,0.0005282017139333929,45.949830822492565,679.7726442813873
227,5,0.999084104496638,0.2196479105213669,0.1592370069643183,0.7608713011021457,0.8513853262934397,2,125,6335549,250,CMAES,p,0.41397760756454377,0.4134493302088613,-0.656881477566893,0.41450954709886273,0.41494320007567576,0.00024273518197428772,0.0005282017139333929,45.955015966664774,666.093231678009
228,5,0.999084104496638,0.2196479105213669,0.1592370069643183,0.7608713011021457,0.8513853262934397,2,125,6387322,250,CMAES,p,0.4142766744713997,0.4131416107975276,-0.6568824214474265,0.4149635309062628,0.41449881203173616,0.00024271721511303412,0.0005282017139333929,45.951614451527725,621.7273330688477
229,5,0.999084104496638,0.2196479105213669,0.1592370069643183,0.7608713011021457,0.8513853262934397,2,125,7588418,250,CMAES,p,0.41424175509192795,0.41439691253179795,-0.6568797630827883,0.41431732706497576,0.4139219747231787,0.0002427164357109162,0.0005282017139333929,45.95146689386228,675.6301510334015
230,5,0.999084104496638,0.2196479105213669,0.1592370069643183,0.7608713011021457,0.8513853262934397,2,125,7822578,250,CMAES,p,0.41298963751233936,0.4147117135326231,-0.6568865456466476,0.4135350766355168,0.4156483245832667,0.00024282644945389987,0.0005282017139333929,45.97229487303797,673.9146947860718
231,5,0.999084104496638,0.2196479105213669,0.1592370069643183,0.7608713011021457,0.8513853262934397,2,125,7913248,250,CMAES,p,0.4139683882710932,0.4134800778360141,-0.6568867093855175,0.413481070823203,0.4159553786480704,0.0002427758089662538,0.0005282017139333929,45.96270753427889,670.2225453853607
232,5,0.999084104496638,0.2196479105213669,0.1592370069643183,0.7608713011021457,0.8513853262934397,2,125,8597652,250,CMAES,p,0.41511287582917833,0.4142597074346405,-0.6568819834728182,0.41384590183453007,0.4136617038300741,0.00024275527604399256,0.0005282017139333929,45.9588202083351,668.5576000213623
233,5,0.999084104496638,0.2196479105213669,0.1592370069643183,0.7608713011021457,0.8513853262934397,2,125,8805269,250,CMAES,p,0.4145979870879844,0.4137354624744447,-0.6568809901760174,0.4148170159881651,0.41372873153314027,0.00024272089066486484,0.0005282017139333929,45.952310312925704,668.3768391609192
234,5,0.999084104496638,0.2196479105213669,0.1592370069643183,0.7608713011021457,0.8513853262934397,2,125,8996026,250,CMAES,p,0.41527109616636776,0.4134076338381206,-0.6568874352190855,0.41528917629179213,0.4129177335150154,0.00024279614697466398,0.0005282017139333929,45.966557958818164,669.8907558917999
235,5,0.999084104496638,0.2196479105213669,0.1592370069643183,0.7608713011021457,0.8513853262934397,2,125,9001963,250,CMAES,p,0.414010066575919,0.4147445651038298,-0.6568803379844783,0.41429248875707814,0.4138314235168384,0.0002427205917887648,0.0005282017139333929,45.95225372922062,702.6613020896912
236,5,0.999084104496638,0.2196479105213669,0.1592370069643183,0.7608713011021457,0.8513853262934397,2,125,9555957,250,CMAES,p,0.41454476758509695,0.41429886948151007,-0.6568807367475973,0.4145193557820745,0.4135159499825456,0.00024273522084569907,0.0005282017139333929,45.95502332586303,702.6178903579712
237,5,0.999084104496638,0.2196479105213669,0.1592370069643183,0.7608713011021457,0.8513853262934397,2,125,9809859,250,CMAES,p,0.4135425606457099,0.41397045904814705,-0.6568809204639781,0.41491821833192744,0.41444788998093884,0.00024274308015298174,0.0005282017139333929,45.95651126258784,700.5837798118591
238,5,0.999084104496638,0.2196479105213669,0.1592370069643183,0.7608713011021457,0.8513853262934397,2,125,9869527,250,CMAES,p,0.41411286880797976,0.4147088848272169,-0.6568839594993605,0.415116882470053,0.4129435284249682,0.0002427563438458239,0.0005282017139333929,45.959022366299216,700.5468690395355
239,5,0.999084104496638,0.2196479105213669,0.1592370069643183,0.7608713011021457,0.8513853262934397,2,125,9926156,250,CMAES,p,0.41377735118172115,0.4138733839462756,-0.6568808480443115,0.41444263757349986,0.41478568138049565,0.00024273545041423385,0.0005282017139333929,45.95506678814813,699.1822202205658
240,5,0.999084104496638,0.2196479105213669,0.1592370069643183,0.7608713011021457,0.8513853262934397,2,125,9962042,250,CMAES,p,0.4144219536210338,0.41385216069323166,-0.6568804944059391,0.4139355343637349,0.41466905197138065,0.00024270381912097576,0.0005282017139333929,45.94907830071545,697.9966380596161
241,5,0.5462491563061158,-0.10068357262268468,0.6027915688719194,-0.2935004274862503,0.5026005440096201,2,75,460591,250,CMAES,p,0.4152166552618616,0.41138001733874247,-0.6533779842158541,0.4119947731164299,0.414782217584173,0.0020527621370067394,0.004659669690559352,44.05381225123542,619.3898606300354
242,5,0.5462491563061158,-0.10068357262268468,0.6027915688719194,-0.2935004274862503,0.5026005440096201,2,75,768387,250,CMAES,p,0.4160566255962995,0.4070166206887914,-0.6534744561892696,0.41240269118589107,0.4179942601876272,0.0020507628510203543,0.004659669690559352,44.0109060772112,606.484940290451
243,5,0.5462491563061158,-0.10068357262268468,0.6027915688719194,-0.2935004274862503,0.5026005440096201,2,75,948039,250,CMAES,p,0.41632963090543856,0.41468610954606355,-0.6533858616960095,0.4129284446096945,0.4094374412560088,0.002057733236978685,0.004659669690559352,44.160495778224835,601.3256547451019
244,5,0.5462491563061158,-0.10068357262268468,0.6027915688719194,-0.2935004274862503,0.5026005440096201,2,75,1115242,250,CMAES,p,0.4104066288964347,0.41654887097631416,-0.6533674693546901,0.4144196414081487,0.4119881244317948,0.002058610512236662,0.004659669690559352,44.17932276202917,601.2186410427094
245,5,0.5462491563061158,-0.10068357262268468,0.6027915688719194,-0.2935004274862503,0.5026005440096201,2,75,1187090,250,CMAES,p,0.4100407186858162,0.4146589741064355,-0.6534158070451507,0.41069154869732727,0.41802032543445805,0.0020561221283221577,0.004659669690559352,44.125920180306565,603.0908133983612
246,5,0.5462491563061158,-0.10068357262268468,0.6027915688719194,-0.2935004274862503,0.5026005440096201,2,75,1552725,250,CMAES,p,0.4139093129294532,0.4127012285287754,-0.6533461397613053,0.4140507421353169,0.41268063733047733,0.0020551767816965505,0.004659669690559352,44.10563233399157,584.856910943985
247,5,0.5462491563061158,-0.10068357262268468,0.6027915688719194,-0.2935004274862503,0.5026005440096201,2,75,1813704,250,CMAES,p,0.41549682482164135,0.41206474466880944,-0.6533594060063854,0.4127669169504457,0.41302669123498903,0.002053924206143081,0.004659669690559352,44.078751124879105,647.2290484905243
248,5,0.5462491563061158,-0.10068357262268468,0.6027915688719194,-0.2935004274862503,0.5026005440096201,2,75,2259964,250,CMAES,p,0.41526104534871283,0.4138282459124021,-0.6533859726944006,0.40945921720763273,0.4148332327713783,0.002052839131700266,0.004659669690559352,44.055464615000226,648.3865175247192
249,5,0.5462491563061158,-0.10068357262268468,0.6027915688719194,-0.2935004274862503,0.5026005440096201,2,75,2422921,250,CMAES,p,0.4138836830965628,0.4093409300756341,-0.6533860679078871,0.41605403786896955,0.4141031841086148,0.002054551853057096,0.004659669690559352,44.09222089753888,645.3543512821198
250,5,0.5462491563061158,-0.10068357262268468,0.6027915688719194,-0.2935004274862503,0.5026005440096201,2,75,3488656,250,CMAES,p,0.4125741506496765,0.41574775936454844,-0.6533577990827948,0.41158503343635705,0.41344662968118173,0.002055699841082383,0.004659669690559352,44.11685757999757,647.6452736854553
251,5,0.5462491563061158,-0.10068357262268468,0.6027915688719194,-0.2935004274862503,0.5026005440096201,2,75,3648721,250,CMAES,p,0.4200845116362184,0.4192682802737038,-0.6536938773236208,0.40210686949453084,0.4122299218343523,0.0020582343645657313,0.004659669690559352,44.17125035140975,648.1040637493134
252,5,0.5462491563061158,-0.10068357262268468,0.6027915688719194,-0.2935004274862503,0.5026005440096201,2,75,3679669,250,CMAES,p,0.4152160957914614,0.4127517485758718,-0.6533668520426632,0.41110543882554884,0.414289334645288,0.002053112963512079,0.004659669690559352,44.061341250684684,650.6381907463074
25,5,-0.10697142702071627,0.529058605311209,0.5043258788245542,-0.3482646246706034,-0.9502583693259468,2,75,9001963,250,CMAES,p,0.4141001963141342,0.41185555198003754,-0.654995419153506,0.4133495460214157,0.4156746606644198,0.0018593340213235257,0.004040300247899568,46.01969921146672,633.0907075405121
26,5,-0.10697142702071627,0.529058605311209,0.5043258788245542,-0.3482646246706034,-0.9502583693259468,2,75,9555957,250,CMAES,p,0.4147320761239554,0.41310565588913956,-0.6549848195988331,0.4136517583729381,0.41347985009675725,0.0018592904784689888,0.004040300247899568,46.018621498131935,633.855767250061
27,5,-0.10697142702071627,0.529058605311209,0.5043258788245542,-0.3482646246706034,-0.9502583693259468,2,75,9809859,250,CMAES,p,0.413469120496432,0.4137886466823186,-0.654983221207465,0.4140239680547813,0.41368599526600525,0.0018593436221154053,0.004040300247899568,46.01993683717003,624.9035742282867
28,5,-0.10697142702071627,0.529058605311209,0.5043258788245542,-0.3482646246706034,-0.9502583693259468,2,75,9869527,250,CMAES,p,0.41255564531243527,0.4114426826720462,-0.6550011888029925,0.4162618719558097,0.4147255269268567,0.0018607912987501007,0.004040300247899568,46.055767754326446,623.0869677066803
29,5,-0.10697142702071627,0.529058605311209,0.5043258788245542,-0.3482646246706034,-0.9502583693259468,2,75,9926156,250,CMAES,p,0.4140058011943074,0.4148946752314658,-0.6550049446471734,0.4106990431593949,0.4153899490531288,0.0018590540206226006,0.004040300247899568,46.0127690160915,619.0140595436096
30,5,-0.10697142702071627,0.529058605311209,0.5043258788245542,-0.3482646246706034,-0.9502583693259468,2,75,9962042,250,CMAES,p,0.40972151023335934,0.41523306623780487,-0.6550273984740678,0.4174045437772121,0.41265278559052626,0.0018621698857067457,0.004040300247899568,46.089888658023185,605.6013202667236
253,5,0.5462491563061158,-0.10068357262268468,0.6027915688719194,-0.2935004274862503,0.5026005440096201,2,75,3901933,250,CMAES,p,0.4166976446117875,0.40943232874491403,-0.6534449221510336,0.41009404866977067,0.41721665296848554,0.0020502777937534064,0.004659669690559352,44.00049638512658,630.9424169063568
254,5,0.5462491563061158,-0.10068357262268468,0.6027915688719194,-0.2935004274862503,0.5026005440096201,2,75,5560785,250,CMAES,p,0.40837860142657156,0.4165706213183036,-0.653797616505564,0.42599085345996973,0.4028532694185279,0.0020710860810632466,0.004659669690559352,44.44705780882574,631.2067997455597
255,5,0.5462491563061158,-0.10068357262268468,0.6027915688719194,-0.2935004274862503,0.5026005440096201,2,75,5692317,250,CMAES,p,0.41791385034184964,0.41567256748499126,-0.6534300716675161,0.4104189961872499,0.4094204059804412,0.002058166986978702,0.004659669690559352,44.16980437795018,626.6671512126923
256,5,0.5462491563061158,-0.10068357262268468,0.6027915688719194,-0.2935004274862503,0.5026005440096201,2,75,6016665,250,CMAES,p,0.4087125815995632,0.41871912904559394,-0.6534177702640169,0.4144588882766042,0.411522935761896,0.0020607946317349217,0.004659669690559352,44.226195601592984,626.4725167751312
257,5,0.5462491563061158,-0.10068357262268468,0.6027915688719194,-0.2935004274862503,0.5026005440096201,2,75,6335549,250,CMAES,p,0.41737747315430895,0.41338237476877693,-0.6533904072206256,0.4113731829142187,0.41125313142279685,0.0020552668320388628,0.004659669690559352,44.107564881753376,626.0304520130157
258,5,0.5462491563061158,-0.10068357262268468,0.6027915688719194,-0.2935004274862503,0.5026005440096201,2,75,6387322,250,CMAES,p,0.4083651564535966,0.4129025734593158,-0.6534138696333021,0.41487339021658143,0.4172685005384784,0.0020591073344904814,0.004659669690559352,44.18998493953987,626.0041990280151
259,5,0.5462491563061158,-0.10068357262268468,0.6027915688719194,-0.2935004274862503,0.5026005440096201,2,75,7588418,250,CMAES,p,0.41331680694422207,0.4120398755220956,-0.6533491687751962,0.41403959586140715,0.41394867022672494,0.002054692373713441,0.004659669690559352,44.095236576024206,603.570330619812
260,5,0.5462491563061158,-0.10068357262268468,0.6027915688719194,-0.2935004274862503,0.5026005440096201,2,75,7822578,250,CMAES,p,0.41243573579441395,0.41244078720431643,-0.653352739587826,0.41581754896095807,0.4126544537434626,0.002056405548568,0.004659669690559352,44.13200259096362,605.5104441642761
261,5,0.5462491563061158,-0.10068357262268468,0.6027915688719194,-0.2935004274862503,0.5026005440096201,2,75,7913248,250,CMAES,p,0.411658446271965,0.414627651636242,-0.6533479350566312,0.41432401660078166,0.41273360037466633,0.00205689749633624,0.004659669690559352,44.14256015836453,601.883659362793
262,5,0.5462491563061158,-0.10068357262268468,0.6027915688719194,-0.2935004274862503,0.5026005440096201,2,75,8597652,250,CMAES,p,0.4159241567866224,0.412802602667836,-0.6533643790432911,0.41304959514252926,0.4115837796979445,0.002055146717351883,0.004659669690559352,44.10498713064747,600.8589043617249
263,5,0.5462491563061158,-0.10068357262268468,0.6027915688719194,-0.2935004274862503,0.5026005440096201,2,75,8805269,250,CMAES,p,0.41291971045775105,0.41408111717708274,-0.6533674098751784,0.4108565080081673,0.4155058391596371,0.0020540169920870038,0.004659669690559352,44.08074238069946,602.9298212528229
264,5,0.5462491563061158,-0.10068357262268468,0.6027915688719194,-0.2935004274862503,0.5026005440096201,2,75,8996026,250,CMAES,p,0.415942458469196,0.41280122402254205,-0.6533742399275064,0.41440908991245,0.4102172198419219,0.0020565857246260598,0.004659669690559352,44.13586930405758,606.7759096622467
265,5,0.5462491563061158,-0.10068357262268468,0.6027915688719194,-0.2935004274862503,0.5026005440096201,2,75,9001963,250,CMAES,p,0.41372007573682085,0.4128018864620749,-0.6533473631135635,0.41322746593243126,0.41359369943593616,0.0020546059866824525,0.004659669690559352,44.09338264566593,604.0906074047089
266,5,0.5462491563061158,-0.10068357262268468,0.6027915688719194,-0.2935004274862503,0.5026005440096201,2,75,9555957,250,CMAES,p,0.4139768472421809,0.41312368063181376,-0.6533537993687197,0.41189614418500264,0.41435289950261106,0.002053865204701127,0.004659669690559352,44.077484909763605,606.9682569503784
267,5,0.5462491563061158,-0.10068357262268468,0.6027915688719194,-0.2935004274862503,0.5026005440096201,2,75,9809859,250,CMAES,p,0.41445974167002275,0.4129640507406959,-0.6533484882868016,0.4130402694567227,0.41288020121705415,0.0020546671631488937,0.004659669690559352,44.094695538435246,603.3097310066223
268,5,0.5462491563061158,-0.10068357262268468,0.6027915688719194,-0.2935004274862503,0.5026005440096201,2,75,9869527,250,CMAES,p,0.4141574185699691,0.4141536984842624,-0.6533478215437528,0.4127204518480019,0.4123120325206318,0.0020554045764014334,0.004659669690559352,44.110520978895835,605.5600259304047
269,5,0.5462491563061158,-0.10068357262268468,0.6027915688719194,-0.2935004274862503,0.5026005440096201,2,75,9926156,250,CMAES,p,0.415234868333541,0.41241091989583356,-0.6533673789503275,0.41126263349701986,0.4144547263304176,0.0020529593318519023,0.004659669690559352,44.058044200241646,605.5829997062683
270,5,0.5462491563061158,-0.10068357262268468,0.6027915688719194,-0.2935004274862503,0.5026005440096201,2,75,9962042,250,CMAES,p,0.40967310581812,0.41185768974143594,-0.6533930243959137,0.4152752994599058,0.41658269439790635,0.002057607842763418,0.004659669690559352,44.1578047244894,604.368052482605
271,5,0.5462491563061158,-0.10068357262268468,0.6027915688719194,-0.2935004274862503,0.5026005440096201,2,125,460591,250,CMAES,p,0.41451043575818974,0.4139647818534565,-0.656767409908108,0.4135090815666131,0.4147799991339987,0.0002902116493483848,0.0006408799310920164,45.283310534296746,747.9648275375366
272,5,0.5462491563061158,-0.10068357262268468,0.6027915688719194,-0.2935004274862503,0.5026005440096201,2,125,768387,250,CMAES,p,0.4149713257180283,0.4140065701478926,-0.6567744735123335,0.4135886017949368,0.4142048367476042,0.00029022474189138405,0.0006408799310920164,45.285353435371356,752.112678527832
273,5,0.5462491563061158,-0.10068357262268468,0.6027915688719194,-0.2935004274862503,0.5026005440096201,2,125,948039,250,CMAES,p,0.41473659494569337,0.41350365626272784,-0.6568220553855353,0.41455965162952607,0.4140188256584467,0.000290237560736722,0.0006408799310920164,45.28735362990329,759.446674823761
274,5,0.5462491563061158,-0.10068357262268468,0.6027915688719194,-0.2935004274862503,0.5026005440096201,2,125,1115242,250,CMAES,p,0.41351459872383733,0.4137909756183976,-0.6567755973413992,0.41453537080881164,0.4149315099329988,0.0002902681159402785,0.0006408799310920164,45.29212132539102,754.6977882385254
275,5,0.5462491563061158,-0.10068357262268468,0.6027915688719194,-0.2935004274862503,0.5026005440096201,2,125,1187090,250,CMAES,p,0.41306923665094486,0.41480556500146737,-0.6567864858045483,0.4135076178104088,0.4154008958139327,0.0002902948798090832,0.0006408799310920164,45.29629743818631,753.8266794681549
276,5,0.5462491563061158,-0.10068357262268468,0.6027915688719194,-0.2935004274862503,0.5026005440096201,2,125,1552725,250,CMAES,p,0.41537294473730607,0.41371495055459756,-0.6567763479716467,0.41301250820465213,0.4146728128921492,0.0002902078968864846,0.0006408799310920164,45.28272501714787,761.6424870491028
277,5,0.5462491563061158,-0.10068357262268468,0.6027915688719194,-0.2935004274862503,0.5026005440096201,2,125,1813704,250,CMAES,p,0.4148289030325896,0.41416594477384316,-0.6567623984902652,0.41344996405757023,0.4143144946591401,0.0002902210064018559,0.0006408799310920164,45.2847705665145,769.1629474163055
278,5,0.5462491563061158,-0.10068357262268468,0.6027915688719194,-0.2935004274862503,0.5026005440096201,2,125,2259964,250,CMAES,p,0.4148289182355953,0.41379704873526163,-0.6567485574887874,0.41412763194864627,0.4139919184007402,0.0002902311086828432,0.0006408799310920164,45.286346880656545,771.4907872676849
279,5,0.5462491563061158,-0.10068357262268468,0.6027915688719194,-0.2935004274862503,0.5026005440096201,2,125,2422921,250,CMAES,p,0.4138073067945954,0.41467282519168713,-0.6567739305444898,0.41429374422538695,0.4139969120902249,0.00029024609597592813,0.0006408799310920164,45.28868542994758,765.8766188621521
280,5,0.5462491563061158,-0.10068357262268468,0.6027915688719194,-0.2935004274862503,0.5026005440096201,2,125,3488656,250,CMAES,p,0.415042718733077,0.4139381824069415,-0.6567672526549231,0.4131546664537485,0.41462858132037955,0.00029020877104070624,0.0006408799310920164,45.282861416210984,762.2142956256866
281,5,0.5462491563061158,-0.10068357262268468,0.6027915688719194,-0.2935004274862503,0.5026005440096201,2,125,3648721,250,CMAES,p,0.414588083195612,0.41397168386910066,-0.6567884866150816,0.41415144269758924,0.4140740771740425,0.00029022951046154177,0.0006408799310920164,45.286097501447756,763.9749517440796
282,5,0.5462491563061158,-0.10068357262268468,0.6027915688719194,-0.2935004274862503,0.5026005440096201,2,125,3679669,250,CMAES,p,0.41414323212511306,0.4151038654783166,-0.6568045242415133,0.4144019034486904,0.41315227000797394,0.0002902836487057947,0.0006408799310920164,45.29454498772817,765.7213752269745
283,5,0.5462491563061158,-0.10068357262268468,0.6027915688719194,-0.2935004274862503,0.5026005440096201,2,125,3901933,250,CMAES,p,0.4139514211014693,0.4139937921705873,-0.6568204985390328,0.4148241102521725,0.414047850821299,0.0002902527679301059,0.0006408799310920164,45.28972649144039,674.6754257678986
284,5,0.5462491563061158,-0.10068357262268468,0.6027915688719194,-0.2935004274862503,0.5026005440096201,2,125,5560785,250,CMAES,p,0.41467069280999647,0.4140037316180253,-0.6567810200455155,0.4137591567585363,0.4143442704586115,0.0002902195572573498,0.0006408799310920164,45.28454444857325,676.2149150371552
285,5,0.5462491563061158,-0.10068357262268468,0.6027915688719194,-0.2935004274862503,0.5026005440096201,2,125,5692317,250,CMAES,p,0.41415416148066975,0.4146617952645535,-0.6567646408345439,0.41373388016461327,0.41421169884220177,0.00029023272507382674,0.0006408799310920164,45.28659909498018,671.5488610267639
286,5,0.5462491563061158,-0.10068357262268468,0.6027915688719194,-0.2935004274862503,0.5026005440096201,2,125,6016665,250,CMAES,p,0.4146233211732352,0.41421148064012775,-0.6567492928009946,0.412881512560903,0.4150299485606023,0.0002902078093832881,0.0006408799310920164,45.28271136354566,673.2312643527985
287,5,0.5462491563061158,-0.10068357262268468,0.6027915688719194,-0.2935004274862503,0.5026005440096201,2,125,6335549,250,CMAES,p,0.4137856987687916,0.41484169813141075,-0.6567949921205593,0.4140421280987856,0.4141222434541179,0.00029024634438937045,0.0006408799310920164,45.28872419125532,669.382123708725
288,5,0.5462491563061158,-0.10068357262268468,0.6027915688719194,-0.2935004274862503,0.5026005440096201,2,125,6387322,250,CMAES,p,0.4143565850675816,0.4153814131946485,-0.6567978149349133,0.41437930754392766,0.41267729364599814,0.0002903250284482961,0.0006408799310920164,45.30100169521641,667.0042521953583
289,5,0.5462491563061158,-0.10068357262268468,0.6027915688719194,-0.2935004274862503,0.5026005440096201,2,125,7588418,250,CMAES,p,0.4153572781208689,0.4137659261333881,-0.6567895417910012,0.415213928285796,0.41244923915513826,0.00029034924505097053,0.0006408799310920164,45.304780344148845,742.7507283687592
290,5,0.5462491563061158,-0.10068357262268468,0.6027915688719194,-0.2935004274862503,0.5026005440096201,2,125,7822578,250,CMAES,p,0.4140361927834822,0.41350827243115557,-0.6567829364730581,0.4156885999031441,0.41354671038367186,0.0002902570295784538,0.0006408799310920164,45.29039145973495,748.4011015892029
291,5,0.5462491563061158,-0.10068357262268468,0.6027915688719194,-0.2935004274862503,0.5026005440096201,2,125,7913248,250,CMAES,p,0.41384265505328405,0.41480240894687254,-0.656768240713361,0.4144465392268138,0.4136735197649087,0.00029025451795001815,0.0006408799310920164,45.289999556616465,747.8740932941437
292,5,0.5462491563061158,-0.10068357262268468,0.6027915688719194,-0.2935004274862503,0.5026005440096201,2,125,8597652,250,CMAES,p,0.4127225535063786,0.4147050753421141,-0.6567888437637585,0.41408515434456916,0.41527288075948876,0.00029032969821791554,0.0006408799310920164,45.30173034490458,748.2422528266907
293,5,0.5462491563061158,-0.10068357262268468,0.6027915688719194,-0.2935004274862503,0.5026005440096201,2,125,8805269,250,CMAES,p,0.4151527666255147,0.4147595671402821,-0.6567866580459232,0.4135621308205808,0.4133090152010196,0.000290298450745723,0.0006408799310920164,45.29685463095621,746.9965133666992
294,5,0.5462491563061158,-0.10068357262268468,0.6027915688719194,-0.2935004274862503,0.5026005440096201,2,125,8996026,250,CMAES,p,0.41444777139664246,0.4141429090618871,-0.6567522087815655,0.41371599783041535,0.4144424743888465,0.0002902203657702388,0.0006408799310920164,45.284670605260295,748.8128683567047
295,5,0.5462491563061158,-0.10068357262268468,0.6027915688719194,-0.2935004274862503,0.5026005440096201,2,125,9001963,250,CMAES,p,0.4139843646037984,0.4143332588776019,-0.6567714198807401,0.41433771212649134,0.41411295013886085,0.0002902385698633772,0.0006408799310920164,45.28751108945324,677.0118825435638
296,5,0.5462491563061158,-0.10068357262268468,0.6027915688719194,-0.2935004274862503,0.5026005440096201,2,125,9555957,250,CMAES,p,0.41355796251193144,0.4136317576354825,-0.6567779449241397,0.41601454277415817,0.41357054812720084,0.0002902750258424661,0.0006408799310920164,45.29319951521292,678.247820854187
297,5,0.5462491563061158,-0.10068357262268468,0.6027915688719194,-0.2935004274862503,0.5026005440096201,2,125,9809859,250,CMAES,p,0.41364092396681806,0.41501645395428044,-0.6567687984663212,0.41425520689585765,0.41385309540751314,0.00029025478253751655,0.0006408799310920164,45.290040841650615,678.1617114543915
298,5,0.5462491563061158,-0.10068357262268468,0.6027915688719194,-0.2935004274862503,0.5026005440096201,2,125,9869527,250,CMAES,p,0.4131067596560699,0.4139306242970676,-0.6567224360665618,0.4150053107324824,0.4146768127056507,0.00029030203677802316,0.0006408799310920164,45.297414179184535,677.2445993423462
299,5,0.5462491563061158,-0.10068357262268468,0.6027915688719194,-0.2935004274862503,0.5026005440096201,2,125,9926156,250,CMAES,p,0.41424555919845707,0.4148379917258534,-0.6567869465319837,0.41434273915853775,0.41335746756137853,0.0002902695242907208,0.0006408799310920164,45.29234107801145,668.7877044677734
300,5,0.5462491563061158,-0.10068357262268468,0.6027915688719194,-0.2935004274862503,0.5026005440096201,2,125,9962042,250,CMAES,p,0.4145574101236846,0.4144259322837762,-0.656779391584103,0.4133341196554366,0.41445877089498023,0.0002902237055555651,0.0006408799310920164,45.285191730226806,652.7683556079865
31,5,-0.10697142702071627,0.529058605311209,0.5043258788245542,-0.3482646246706034,-0.9502583693259468,2,125,460591,250,CMAES,p,0.41434658273795033,0.41370819877456294,-0.6567966072550732,0.4144488609271811,0.41429080871141855,0.0002564374406319141,0.0005549036080590062,46.212970488497085,710.1388182640076
32,5,-0.10697142702071627,0.529058605311209,0.5043258788245542,-0.3482646246706034,-0.9502583693259468,2,125,768387,250,CMAES,p,0.4134466978122656,0.41417733309301,-0.6567978718700569,0.41511970908879053,0.4140519759518802,0.00025647282959689687,0.0005549036080590062,46.21934798622261,710.1803541183472
33,5,-0.10697142702071627,0.529058605311209,0.5043258788245542,-0.3482646246706034,-0.9502583693259468,2,125,948039,250,CMAES,p,0.41430533724523194,0.4145059035778205,-0.6567967655884409,0.41353027774998047,0.414453091120651,0.0002564379087279626,0.0005549036080590062,46.21305484477838,710.2491238117218
34,5,-0.10697142702071627,0.529058605311209,0.5043258788245542,-0.3482646246706034,-0.9502583693259468,2,125,1115242,250,CMAES,p,0.4150700108159089,0.41454560317826544,-0.6567975006030905,0.4139856925425483,0.41319404217694644,0.0002566463407066629,0.0005549036080590062,46.25061667996438,713.1575994491577
35,5,-0.10697142702071627,0.529058605311209,0.5043258788245542,-0.3482646246706034,-0.9502583693259468,2,125,1187090,250,CMAES,p,0.41457033947982286,0.4140748891853422,-0.6567969207663188,0.41365467754227914,0.41449485868989017,0.00025644048121276254,0.0005549036080590062,46.2135184360693,719.8244693279266
36,5,-0.10697142702071627,0.529058605311209,0.5043258788245542,-0.3482646246706034,-0.9502583693259468,2,125,1552725,250,CMAES,p,0.4144587159293899,0.41392463485971454,-0.6567960836578756,0.41421873639629986,0.41419184051849295,0.0002564384930463338,0.0005549036080590062,46.21316014565636,706.9736959934235
37,5,-0.10697142702071627,0.529058605311209,0.5043258788245542,-0.3482646246706034,-0.9502583693259468,2,125,1813704,250,CMAES,p,0.4141122241969757,0.4144926737846044,-0.6567965327496547,0.41367792563455447,0.41451155318317084,0.00025643945670948784,0.0005549036080590062,46.21333380881876,686.9883148670197
38,5,-0.10697142702071627,0.529058605311209,0.5043258788245542,-0.3482646246706034,-0.9502583693259468,2,125,2259964,250,CMAES,p,0.41448566967594797,0.4138066010695935,-0.6567959014765217,0.4141207143781704,0.4143807606996416,0.0002564379172665675,0.0005549036080590062,46.213056383532994,689.6403872966766
39,5,-0.10697142702071627,0.529058605311209,0.5043258788245542,-0.3482646246706034,-0.9502583693259468,2,125,2422921,250,CMAES,p,0.41456839844921045,0.4136646083363134,-0.6567966534942531,0.4144930579219446,0.41406843287399836,0.0002564423958273747,0.0005549036080590062,46.213863471600575,688.0078251361847
40,5,-0.10697142702071627,0.529058605311209,0.5043258788245542,-0.3482646246706034,-0.9502583693259468,2,125,3488656,250,CMAES,p,0.41359300476764727,0.415112277628227,-0.6567982688584693,0.41429488122877306,0.41379594835857836,0.0002564362683440285,0.0005549036080590062,46.212759228763225,685.9626498222351
41,5,-0.10697142702071627,0.529058605311209,0.5043258788245542,-0.3482646246706034,-0.9502583693259468,2,125,3648721,250,CMAES,p,0.4140045079332144,0.414768469450884,-0.6568000770342624,0.4129599482865199,0.4150649959492345,0.0002564635347870065,0.0005549036080590062,46.21767295478375,666.7105913162231
42,5,-0.10697142702071627,0.529058605311209,0.5043258788245542,-0.3482646246706034,-0.9502583693259468,2,125,3679669,250,CMAES,p,0.4157878206135987,0.4151188165804075,-0.6568053338161534,0.4122029646564645,0.41369358426813757,0.0002568315392447887,0.0005549036080590062,46.283991582458455,662.5726947784424
43,5,-0.10697142702071627,0.529058605311209,0.5043258788245542,-0.3482646246706034,-0.9502583693259468,2,125,3901933,250,CMAES,p,0.4152525037316413,0.4136452184956687,-0.6567982604334538,0.4137145304602863,0.4141838533418071,0.00025649960215756896,0.0005549036080590062,46.22417270898225,700.8700964450836
44,5,-0.10697142702071627,0.529058605311209,0.5043258788245542,-0.3482646246706034,-0.9502583693259468,2,125,5560785,250,CMAES,p,0.415729799428653,0.41405321893734637,-0.6568010924783839,0.41293236758957985,0.41408355498147936,0.0002566331765992033,0.0005549036080590062,46.24824435668725,702.614800453186
45,5,-0.10697142702071627,0.529058605311209,0.5043258788245542,-0.3482646246706034,-0.9502583693259468,2,125,5692317,250,CMAES,p,0.413988040039093,0.41381846210706824,-0.6567971919730357,0.41390137915301933,0.415087156268333,0.0002565054115306146,0.0005549036080590062,46.2252196246918,701.2770228385925
46,5,-0.10697142702071627,0.529058605311209,0.5043258788245542,-0.3482646246706034,-0.9502583693259468,2,125,6016665,250,CMAES,p,0.41480129996022524,0.41372571882835013,-0.6567973025380274,0.41380515427604664,0.4144629738520273,0.0002564444310527174,0.0005549036080590062,46.21423024257001,701.0148818492889
47,5,-0.10697142702071627,0.529058605311209,0.5043258788245542,-0.3482646246706034,-0.9502583693259468,2,125,6335549,250,CMAES,p,0.41453815213025413,0.41336285444887977,-0.6567978202832135,0.4143510274095161,0.414543630378793,0.00025644236281426524,0.0005549036080590062,46.213857522259296,699.9306631088257
48,5,-0.10697142702071627,0.529058605311209,0.5043258788245542,-0.3482646246706034,-0.9502583693259468,2,125,6387322,250,CMAES,p,0.41383748427802924,0.414772573919313,-0.6567979074740131,0.4133830352126086,0.41480265859521953,0.0002564609354264305,0.0005549036080590062,46.217204520169474,701.8562562465668
49,5,-0.10697142702071627,0.529058605311209,0.5043258788245542,-0.3482646246706034,-0.9502583693259468,2,125,7588418,250,CMAES,p,0.4148497355777406,0.4141056912380384,-0.6567971226936218,0.4135154212385065,0.41432411945918246,0.00025646258905884055,0.0005549036080590062,46.21750252371207,747.5814757347107
50,5,-0.10697142702071627,0.529058605311209,0.5043258788245542,-0.3482646246706034,-0.9502583693259468,2,125,7822578,250,CMAES,p,0.41348547068424707,0.4146496162781328,-0.6567968512796566,0.41411164114945265,0.41454796779812575,0.00025648328971838454,0.0005549036080590062,46.22123302018811,748.5835402011871
51,5,-0.10697142702071627,0.529058605311209,0.5043258788245542,-0.3482646246706034,-0.9502583693259468,2,125,7913248,250,CMAES,p,0.41432918901330584,0.41469224699135376,-0.6567967996936432,0.41358275090689295,0.41419045687623485,0.00025644586415410917,0.0005549036080590062,46.21448850389161,743.6379086971283
52,5,-0.10697142702071627,0.529058605311209,0.5043258788245542,-0.3482646246706034,-0.9502583693259468,2,125,8597652,250,CMAES,p,0.4125996868704142,0.41493863000930675,-0.6568003547191684,0.41467903272880274,0.4145808520759897,0.00025663117970749563,0.0005549036080590062,46.24788449387889,741.8043415546417
53,5,-0.10697142702071627,0.529058605311209,0.5043258788245542,-0.3482646246706034,-0.9502583693259468,2,125,8805269,250,CMAES,p,0.41445241301475233,0.41381980527852313,-0.6567974615834835,0.41366730732035645,0.4148557804036167,0.0002564466861902188,0.0005549036080590062,46.21463664423485,730.8281583786011
54,5,-0.10697142702071627,0.529058605311209,0.5043258788245542,-0.3482646246706034,-0.9502583693259468,2,125,8996026,250,CMAES,p,0.41461742500631277,0.413614834900716,-0.6567970881528351,0.41395250009233103,0.41461017247428517,0.0002564390426769362,0.0005549036080590062,46.21325919540021,716.0553843975067
55,5,-0.10697142702071627,0.529058605311209,0.5043258788245542,-0.3482646246706034,-0.9502583693259468,2,125,9001963,250,CMAES,p,0.4146323400023529,0.41366597881120587,-0.6567967700000498,0.4143293757116056,0.4141669195868787,0.0002564424976878885,0.0005549036080590062,46.213881828034445,685.34601354599
56,5,-0.10697142702071627,0.529058605311209,0.5043258788245542,-0.3482646246706034,-0.9502583693259468,2,125,9555957,250,CMAES,p,0.4145361497078088,0.4137373421404946,-0.656796347096671,0.41425940690195395,0.41426129248700944,0.00025643854167045464,0.0005549036080590062,46.2131689082811,682.9280753135681
57,5,-0.10697142702071627,0.529058605311209,0.5043258788245542,-0.3482646246706034,-0.9502583693259468,2,125,9809859,250,CMAES,p,0.41375997594978475,0.41442989655364115,-0.6567966448940231,0.414607697314241,0.4139969185802515,0.00025643908142448116,0.0005549036080590062,46.2132661781526,678.3522152900696
58,5,-0.10697142702071627,0.529058605311209,0.5043258788245542,-0.3482646246706034,-0.9502583693259468,2,125,9869527,250,CMAES,p,0.4141714058170212,0.41306569206064414,-0.6567989608830035,0.41486562548373457,0.4146940824749465,0.0002564878572511864,0.0005549036080590062,46.22205614203044,674.9285314083099
59,5,-0.10697142702071627,0.529058605311209,0.5043258788245542,-0.3482646246706034,-0.9502583693259468,2,125,9926156,250,CMAES,p,0.41367293880308775,0.4144936591247045,-0.6567965313120495,0.414475085635549,0.4141526914847928,0.00025644725585697757,0.0005549036080590062,46.21473930472408,670.1095216274261
60,5,-0.10697142702071627,0.529058605311209,0.5043258788245542,-0.3482646246706034,-0.9502583693259468,2,125,9962042,250,CMAES,p,0.413876382559276,0.4140797697717155,-0.6567961976832503,0.4141508627333475,0.41468702735202306,0.000256474225200453,0.0005549036080590062,46.21959949000378,670.4549314975739
61,5,0.09640984945486153,0.16554078304766007,-0.7392959233634115,-0.32963147600991705,-0.4714438567589781,2,75,460591,250,CMAES,p,0.41308890832745426,0.4140593338961804,-0.6550299909003034,0.41451402885847377,0.4133542232802644,0.0017117808500717083,0.003979504230460386,43.01492726076769,606.079662322998
62,5,0.09640984945486153,0.16554078304766007,-0.7392959233634115,-0.32963147600991705,-0.4714438567589781,2,75,768387,250,CMAES,p,0.41170621214242925,0.4173849817071502,-0.6550573764076189,0.41331481883629956,0.41263783418906197,0.001711995274083249,0.003979504230460386,43.020315469929514,606.3800973892212
63,5,0.09640984945486153,0.16554078304766007,-0.7392959233634115,-0.32963147600991705,-0.4714438567589781,2,75,948039,250,CMAES,p,0.41487158011929837,0.4148566805907616,-0.655048104748783,0.41071446360572333,0.4145919320499727,0.0017121808351605332,0.003979504230460386,43.02497838939229,603.8540885448456
64,5,0.09640984945486153,0.16554078304766007,-0.7392959233634115,-0.32963147600991705,-0.4714438567589781,2,75,1115242,250,CMAES,p,0.41481657075903294,0.4126149619287355,-0.6550322866373853,0.4140704928233671,0.4135167956614751,0.0017119522157784273,0.003979504230460386,43.01923346819442,604.6590533256531
65,5,0.09640984945486153,0.16554078304766007,-0.7392959233634115,-0.32963147600991705,-0.4714438567589781,2,75,1187090,250,CMAES,p,0.41385051170939374,0.41291186945443165,-0.6550327298364644,0.41323460029706643,0.41502229118080475,0.0017121026614917985,0.003979504230460386,43.023013982164464,601.2716217041016
66,5,0.09640984945486153,0.16554078304766007,-0.7392959233634115,-0.32963147600991705,-0.4714438567589781,2,75,1552725,250,CMAES,p,0.41437594154125,0.41297766673855274,-0.6550424525115269,0.41589478321507406,0.41178057233088405,0.0017128409528650726,0.003979504230460386,43.041566327645675,601.0456564426422
67,5,0.09640984945486153,0.16554078304766007,-0.7392959233634115,-0.32963147600991705,-0.4714438567589781,2,75,1813704,250,CMAES,p,0.410345048514338,0.4130225003314708,-0.6550521263004949,0.4148263840183465,0.4168448931256504,0.0017236343614381448,0.003979504230460386,43.31279128301715,645.09268450737
68,5,0.09640984945486153,0.16554078304766007,-0.7392959233634115,-0.32963147600991705,-0.4714438567589781,2,75,2259964,250,CMAES,p,0.4121352712012189,0.416798777505293,-0.655050596517456,0.41222325388726017,0.41387979007626974,0.001712023848763168,0.003979504230460386,43.02103351615498,645.3626344203949
69,5,0.09640984945486153,0.16554078304766007,-0.7392959233634115,-0.32963147600991705,-0.4714438567589781,2,75,2422921,250,CMAES,p,0.41405676919368717,0.41384403234605943,-0.6550299750079411,0.413996496311079,0.4131191886432358,0.0017119365859907707,0.003979504230460386,43.01884071103797,642.5211129188538
70,5,0.09640984945486153,0.16554078304766007,-0.7392959233634115,-0.32963147600991705,-0.4714438567589781,2,75,3488656,250,CMAES,p,0.41413458430753636,0.4147514311993417,-0.6550310594439814,0.41305196999530835,0.413079596415286,0.001712296493026373,0.003979504230460386,43.02788472794961,641.5273776054382
71,5,0.09640984945486153,0.16554078304766007,-0.7392959233634115,-0.32963147600991705,-0.4714438567589781,2,75,3648721,250,CMAES,p,0.41508674316626565,0.41329288702312694,-0.6550515302404408,0.41089310845273985,0.41576535813624405,0.001711743562460219,0.003979504230460386,43.01399026939063,642.0306112766266
72,5,0.09640984945486153,0.16554078304766007,-0.7392959233634115,-0.32963147600991705,-0.4714438567589781,2,75,3679669,250,CMAES,p,0.41733463370840396,0.4133811527821575,-0.6550490473603459,0.41188512456594717,0.4124348052559357,0.0017187660102786163,0.003979504230460386,43.1904556633622,643.2120397090912
7,5,-0.10697142702071627,0.529058605311209,0.5043258788245542,-0.3482646246706034,-0.9502583693259468,2,75,1813704,250,CMAES,p,0.4135231960959974,0.4137194447307468,-0.6549887350164022,0.41547385885402327,0.4122567393954781,0.0018597730637378719,0.004040300247899568,46.03056579036948,608.229327917099
8,5,-0.10697142702071627,0.529058605311209,0.5043258788245542,-0.3482646246706034,-0.9502583693259468,2,75,2259964,250,CMAES,p,0.4137287115885451,0.41450155305767045,-0.6550869391620674,0.4076916690200531,0.4191495836377263,0.001860687863594476,0.004040300247899568,46.05320766845959,609.0835666656494
9,5,-0.10697142702071627,0.529058605311209,0.5043258788245542,-0.3482646246706034,-0.9502583693259468,2,75,2422921,250,CMAES,p,0.4133283274059301,0.41559084937301666,-0.6549949808422533,0.41169072192140416,0.41436959631564513,0.001859325156428897,0.004040300247899568,46.01947979968828,605.6429462432861
10,5,-0.10697142702071627,0.529058605311209,0.5043258788245542,-0.3482646246706034,-0.9502583693259468,2,75,3488656,250,CMAES,p,0.41334935702445164,0.4143422327996689,-0.6549884255391623,0.4123816065396048,0.4148997498092121,0.001859300936910068,0.004040300247899568,46.018880351198234,603.3737409114838
11,5,-0.10697142702071627,0.529058605311209,0.5043258788245542,-0.3482646246706034,-0.9502583693259468,2,75,3648721,250,CMAES,p,0.4127531956118627,0.413316702392401,-0.6549972848939783,0.41648906291468096,0.4124228208351654,0.0018598857181692133,0.004040300247899568,46.03335405917203,600.6031939983368
12,5,-0.10697142702071627,0.529058605311209,0.5043258788245542,-0.3482646246706034,-0.9502583693259468,2,75,3679669,250,CMAES,p,0.4167324727869152,0.4141124361112846,-0.6550024437388764,0.41391445018753237,0.4102276976180026,0.001864441254287491,0.004040300247899568,46.14610647455615,599.6457340717316
73,5,0.09640984945486153,0.16554078304766007,-0.7392959233634115,-0.32963147600991705,-0.4714438567589781,2,75,3901933,250,CMAES,p,0.41202891756091164,0.4111479102981082,-0.6550558032410086,0.41687370841177507,0.4149918566843378,0.001716705593529515,0.003979504230460386,43.138679948856606,627.0224118232727
74,5,0.09640984945486153,0.16554078304766007,-0.7392959233634115,-0.32963147600991705,-0.4714438567589781,2,75,5560785,250,CMAES,p,0.415275708309762,0.41278285549595073,-0.6550324747885267,0.4138955013893771,0.41306496112631075,0.0017127378718406927,0.003979504230460386,43.038976029497704,623.6341471672058
75,5,0.09640984945486153,0.16554078304766007,-0.7392959233634115,-0.32963147600991705,-0.4714438567589781,2,75,5692317,250,CMAES,p,0.4128814065501019,0.41249110198357825,-0.6550760635166715,0.4109285496695674,0.4187617111839705,0.0017195303005016279,0.003979504230460386,43.20966132765479,620.8427178859711
76,5,0.09640984945486153,0.16554078304766007,-0.7392959233634115,-0.32963147600991705,-0.4714438567589781,2,75,6016665,250,CMAES,p,0.4162702775121304,0.4150837446953072,-0.655045766811937,0.4126470055676746,0.4110313893033207,0.0017203456517842872,0.003979504230460386,43.23015009297431,616.680237531662
77,5,0.09640984945486153,0.16554078304766007,-0.7392959233634115,-0.32963147600991705,-0.4714438567589781,2,75,6335549,250,CMAES,p,0.412476965718324,0.4142757483657635,-0.6550323074851301,0.4132634778495598,0.41500265804531977,0.0017131480122073368,0.003979504230460386,43.04928234764419,608.4952948093414
78,5,0.09640984945486153,0.16554078304766007,-0.7392959233634115,-0.32963147600991705,-0.4714438567589781,2,75,6387322,250,CMAES,p,0.4129189500775091,0.41493460887512057,-0.6550578427999937,0.4165317795747799,0.410658975297698,0.0017129891921843557,0.003979504230460386,43.045291397671946,588.4988486766815
79,5,0.09640984945486153,0.16554078304766007,-0.7392959233634115,-0.32963147600991705,-0.4714438567589781,2,75,7588418,250,CMAES,p,0.41697314406941016,0.41302359367835106,-0.6550471370602112,0.4118806526260598,0.4131563753669867,0.0017160737217246163,0.003979504230460386,43.12280179498854,657.3683469295502
80,5,0.09640984945486153,0.16554078304766007,-0.7392959233634115,-0.32963147600991705,-0.4714438567589781,2,75,7822578,250,CMAES,p,0.41386838074378357,0.41358641387558764,-0.6550289429861866,0.41349872301115825,0.4140619488660737,0.0017116965813759534,0.003979504230460386,43.01280969307899,651.1321318149567
81,5,0.09640984945486153,0.16554078304766007,-0.7392959233634115,-0.32963147600991705,-0.4714438567589781,2,75,7913248,250,CMAES,p,0.4125427127734522,0.41411237670475665,-0.6550335679863103,0.41310181179306277,0.4152632153689749,0.0017133889944667214,0.003979504230460386,43.05533793259721,648.0958032608032
82,5,0.09640984945486153,0.16554078304766007,-0.7392959233634115,-0.32963147600991705,-0.4714438567589781,2,75,8597652,250,CMAES,p,0.4122192054836496,0.4125904748531571,-0.655039530189262,0.41365755338056065,0.4165589286699059,0.001717187617232195,0.003979504230460386,43.15079260598084,646.0418186187744
83,5,0.09640984945486153,0.16554078304766007,-0.7392959233634115,-0.32963147600991705,-0.4714438567589781,2,75,8805269,250,CMAES,p,0.4141600493440164,0.41502358223697816,-0.6550389436341091,0.41168426606211345,0.4141575741848941,0.0017119034201383528,0.003979504230460386,43.01800729434842,648.0997524261475
84,5,0.09640984945486153,0.16554078304766007,-0.7392959233634115,-0.32963147600991705,-0.4714438567589781,2,75,8996026,250,CMAES,p,0.41402315800718115,0.4128504297863138,-0.6550375127911986,0.4155612059689795,0.41258922215403854,0.0017119624729917818,0.003979504230460386,43.01949121922974,648.3106517791748
85,5,0.09640984945486153,0.16554078304766007,-0.7392959233634115,-0.32963147600991705,-0.4714438567589781,2,75,9001963,250,CMAES,p,0.4114706560657216,0.41660600812888987,-0.6550676194033604,0.410835364735713,0.4161421618954339,0.0017149392047548651,0.003979504230460386,43.09429279225731,628.979029417038
86,5,0.09640984945486153,0.16554078304766007,-0.7392959233634115,-0.32963147600991705,-0.4714438567589781,2,75,9555957,250,CMAES,p,0.41444965107963405,0.4128903243864131,-0.6550324417322846,0.4143116500961751,0.41336733351189614,0.0017118638476380547,0.003979504230460386,43.01701288655271,632.5082104206085
87,5,0.09640984945486153,0.16554078304766007,-0.7392959233634115,-0.32963147600991705,-0.4714438567589781,2,75,9809859,250,CMAES,p,0.4146341481003831,0.41325101532204406,-0.6550317407023057,0.4128320223563919,0.41430109640847523,0.00171172890431045,0.003979504230460386,43.01362192828782,630.8964486122131
88,5,0.09640984945486153,0.16554078304766007,-0.7392959233634115,-0.32963147600991705,-0.4714438567589781,2,75,9869527,250,CMAES,p,0.4117667958290022,0.4156745501659107,-0.6550426057626076,0.41464958929183243,0.4129381468393314,0.001712112023735696,0.003979504230460386,43.02324924372861,629.0197093486786
89,5,0.09640984945486153,0.16554078304766007,-0.7392959233634115,-0.32963147600991705,-0.4714438567589781,2,75,9926156,250,CMAES,p,0.4105645249852548,0.4152909279691975,-0.6550436687781567,0.41442007932505304,0.41475469900131223,0.0017160985282594092,0.003979504230460386,43.12342515240585,630.7073328495026
90,5,0.09640984945486153,0.16554078304766007,-0.7392959233634115,-0.32963147600991705,-0.4714438567589781,2,75,9962042,250,CMAES,p,0.4086958883223676,0.4127127541928823,-0.6550770739645245,0.4165013670746805,0.4171538831993291,0.0017321304219335546,0.003979504230460386,43.5262867337916,629.911614894867
91,5,0.09640984945486153,0.16554078304766007,-0.7392959233634115,-0.32963147600991705,-0.4714438567589781,2,125,460591,250,CMAES,p,0.4138904577232755,0.4143495915192099,-0.6568188051012417,0.4155990415467739,0.4129778276290064,0.0002361395690237202,0.0005460079975930028,43.248371830578904,677.7706327438354
92,5,0.09640984945486153,0.16554078304766007,-0.7392959233634115,-0.32963147600991705,-0.4714438567589781,2,125,768387,250,CMAES,p,0.41348561819475926,0.41526632637485134,-0.6568158975121852,0.41447756323612467,0.4135845037174481,0.0002361004038177211,0.0005460079975930028,43.24119882099448,676.458783864975
93,5,0.09640984945486153,0.16554078304766007,-0.7392959233634115,-0.32963147600991705,-0.4714438567589781,2,125,948039,250,CMAES,p,0.4150066707558664,0.41418288319478286,-0.6568141545691121,0.4138323036145543,0.41379041468946975,0.00023633898518122815,0.0005460079975930028,43.28489440138136,674.272215127945
94,5,0.09640984945486153,0.16554078304766007,-0.7392959233634115,-0.32963147600991705,-0.4714438567589781,2,125,1115242,250,CMAES,p,0.41397965182692736,0.4146858962749077,-0.6568147419681264,0.4134304995528335,0.4147168095102677,0.00023616740978221173,0.0005460079975930028,43.25347079590804,675.1790573596954
95,5,0.09640984945486153,0.16554078304766007,-0.7392959233634115,-0.32963147600991705,-0.4714438567589781,2,125,1187090,250,CMAES,p,0.41407104325992383,0.4137658272672341,-0.6568139524956964,0.4142107182860886,0.41476447921167814,0.0002362218385556043,0.0005460079975930028,43.263439289708955,674.4842932224274
96,5,0.09640984945486153,0.16554078304766007,-0.7392959233634115,-0.32963147600991705,-0.4714438567589781,2,125,1552725,250,CMAES,p,0.4123543110798364,0.41131148925095296,-0.6568453939799712,0.41754409497824796,0.4156336487120963,0.00023832926496730752,0.0005460079975930028,43.649409169453115,653.6657257080078
97,5,0.09640984945486153,0.16554078304766007,-0.7392959233634115,-0.32963147600991705,-0.4714438567589781,2,125,1813704,250,CMAES,p,0.4133032211135453,0.41494798555785617,-0.6568161962734607,0.4148429806944449,0.41372012231696514,0.00023611485278432064,0.0005460079975930028,43.24384511311167,710.1869695186615
98,5,0.09640984945486153,0.16554078304766007,-0.7392959233634115,-0.32963147600991705,-0.4714438567589781,2,125,2259964,250,CMAES,p,0.41459868019943946,0.415209889011488,-0.6568168947770465,0.41442167010616227,0.4125847785702566,0.0002366403212916075,0.0005460079975930028,43.34008335680101,708.4342107772827
99,5,0.09640984945486153,0.16554078304766007,-0.7392959233634115,-0.32963147600991705,-0.4714438567589781,2,125,2422921,250,CMAES,p,0.4144752747745773,0.413250581132436,-0.6568147672801394,0.41417115583970693,0.4149158726152817,0.00023621694334618825,0.0005460079975930028,43.26254274434009,702.9642469882965
100,5,0.09640984945486153,0.16554078304766007,-0.7392959233634115,-0.32963147600991705,-0.4714438567589781,2,125,3488656,250,CMAES,p,0.41459730409401785,0.4144106120554852,-0.6568152845406847,0.4131766751711051,0.4146288085996571,0.00023616827834030787,0.0005460079975930028,43.25362987015236,701.0876648426056
101,5,0.09640984945486153,0.16554078304766007,-0.7392959233634115,-0.32963147600991705,-0.4714438567589781,2,125,3648721,250,CMAES,p,0.4146517956919525,0.41341035759806477,-0.6568148868370626,0.41470729487107705,0.4140435533857683,0.00023615554076624783,0.0005460079975930028,43.25129701530112,702.7410144805908
102,5,0.09640984945486153,0.16554078304766007,-0.7392959233634115,-0.32963147600991705,-0.4714438567589781,2,125,3679669,250,CMAES,p,0.4146392760125978,0.41393760791987266,-0.6568132491828352,0.4143153173570646,0.41391916362305564,0.000236186012768037,0.0005460079975930028,43.25687788626336,709.2271177768707
