exp,row,n,k,r,t,p_1,p_2,p_3,p_4,p_5,v_1,v_2,v_3,v_4,v_5,original_error,suzuki_error,original_r
16,1,5,2,25,10,0.4589339833903789,0.39345264418903153,-0.6612045368376509,0.3892552928409795,0.4193327198979765,-0.10697142702071627,0.529058605311209,0.5043258788245542,-0.3482646246706034,-0.9502583693259468,0.08555543996756916,0.12612985816092204,25
16,2,5,2,50,10,0.4589339833903789,0.39345264418903153,-0.6612045368376509,0.3892552928409795,0.4193327198979765,-0.10697142702071627,0.529058605311209,0.5043258788245542,-0.3482646246706034,-0.9502583693259468,0.08555543996756916,0.12612985816092204,25
16,3,5,2,75,10,0.4589339833903789,0.39345264418903153,-0.6612045368376509,0.3892552928409795,0.4193327198979765,-0.10697142702071627,0.529058605311209,0.5043258788245542,-0.3482646246706034,-0.9502583693259468,0.08555543996756916,0.12612985816092204,25
16,4,5,2,100,10,0.4589339833903789,0.39345264418903153,-0.6612045368376509,0.3892552928409795,0.4193327198979765,-0.10697142702071627,0.529058605311209,0.5043258788245542,-0.3482646246706034,-0.9502583693259468,0.08555543996756916,0.12612985816092204,25
16,5,5,2,125,10,0.4589339833903789,0.39345264418903153,-0.6612045368376509,0.3892552928409795,0.4193327198979765,-0.10697142702071627,0.529058605311209,0.5043258788245542,-0.3482646246706034,-0.9502583693259468,0.08555543996756916,0.12612985816092204,25
16,6,5,2,150,10,0.4589339833903789,0.39345264418903153,-0.6612045368376509,0.3892552928409795,0.4193327198979765,-0.10697142702071627,0.529058605311209,0.5043258788245542,-0.3482646246706034,-0.9502583693259468,0.08555543996756916,0.12612985816092204,25
16,7,5,2,175,10,0.4589339833903789,0.39345264418903153,-0.6612045368376509,0.3892552928409795,0.4193327198979765,-0.10697142702071627,0.529058605311209,0.5043258788245542,-0.3482646246706034,-0.9502583693259468,0.08555543996756916,0.12612985816092204,25
16,8,5,2,200,10,0.4589339833903789,0.39345264418903153,-0.6612045368376509,0.3892552928409795,0.4193327198979765,-0.10697142702071627,0.529058605311209,0.5043258788245542,-0.3482646246706034,-0.9502583693259468,0.08555543996756916,0.12612985816092204,25
16,9,5,2,225,10,0.4589339833903789,0.39345264418903153,-0.6612045368376509,0.3892552928409795,0.4193327198979765,-0.10697142702071627,0.529058605311209,0.5043258788245542,-0.3482646246706034,-0.9502583693259468,0.08555543996756916,0.12612985816092204,25
16,10,5,2,250,10,0.4589339833903789,0.39345264418903153,-0.6612045368376509,0.3892552928409795,0.4193327198979765,-0.10697142702071627,0.529058605311209,0.5043258788245542,-0.3482646246706034,-0.9502583693259468,0.08555543996756916,0.12612985816092204,25
16,11,5,2,275,10,0.4589339833903789,0.39345264418903153,-0.6612045368376509,0.3892552928409795,0.4193327198979765,-0.10697142702071627,0.529058605311209,0.5043258788245542,-0.3482646246706034,-0.9502583693259468,0.08555543996756916,0.12612985816092204,25
16,12,5,2,300,10,0.4589339833903789,0.39345264418903153,-0.6612045368376509,0.3892552928409795,0.4193327198979765,-0.10697142702071627,0.529058605311209,0.5043258788245542,-0.3482646246706034,-0.9502583693259468,0.08555543996756916,0.12612985816092204,25
16,13,5,2,325,10,0.4589339833903789,0.39345264418903153,-0.6612045368376509,0.3892552928409795,0.4193327198979765,-0.10697142702071627,0.529058605311209,0.5043258788245542,-0.3482646246706034,-0.9502583693259468,0.08555543996756916,0.12612985816092204,25
16,14,5,2,350,10,0.4589339833903789,0.39345264418903153,-0.6612045368376509,0.3892552928409795,0.4193327198979765,-0.10697142702071627,0.529058605311209,0.5043258788245542,-0.3482646246706034,-0.9502583693259468,0.08555543996756916,0.12612985816092204,25
16,15,5,2,375,10,0.4589339833903789,0.39345264418903153,-0.6612045368376509,0.3892552928409795,0.4193327198979765,-0.10697142702071627,0.529058605311209,0.5043258788245542,-0.3482646246706034,-0.9502583693259468,0.08555543996756916,0.12612985816092204,25
16,16,5,2,400,10,0.4589339833903789,0.39345264418903153,-0.6612045368376509,0.3892552928409795,0.4193327198979765,-0.10697142702071627,0.529058605311209,0.5043258788245542,-0.3482646246706034,-0.9502583693259468,0.08555543996756916,0.12612985816092204,25
16,17,5,2,25,10,0.4148808910865739,0.40850963777515464,-0.6523323546243878,0.41396109270964276,0.41491236788240254,-0.10697142702071627,0.529058605311209,0.5043258788245542,-0.3482646246706034,-0.9502583693259468,0.008392867228576361,0.018174168263084534,50
16,18,5,2,50,10,0.4148808910865739,0.40850963777515464,-0.6523323546243878,0.41396109270964276,0.41491236788240254,-0.10697142702071627,0.529058605311209,0.5043258788245542,-0.3482646246706034,-0.9502583693259468,0.008392867228576361,0.018174168263084534,50
16,19,5,2,75,10,0.4148808910865739,0.40850963777515464,-0.6523323546243878,0.41396109270964276,0.41491236788240254,-0.10697142702071627,0.529058605311209,0.5043258788245542,-0.3482646246706034,-0.9502583693259468,0.008392867228576361,0.018174168263084534,50
16,20,5,2,100,10,0.4148808910865739,0.40850963777515464,-0.6523323546243878,0.41396109270964276,0.41491236788240254,-0.10697142702071627,0.529058605311209,0.5043258788245542,-0.3482646246706034,-0.9502583693259468,0.008392867228576361,0.018174168263084534,50
16,21,5,2,125,10,0.4148808910865739,0.40850963777515464,-0.6523323546243878,0.41396109270964276,0.41491236788240254,-0.10697142702071627,0.529058605311209,0.5043258788245542,-0.3482646246706034,-0.9502583693259468,0.008392867228576361,0.018174168263084534,50
16,22,5,2,150,10,0.4148808910865739,0.40850963777515464,-0.6523323546243878,0.41396109270964276,0.41491236788240254,-0.10697142702071627,0.529058605311209,0.5043258788245542,-0.3482646246706034,-0.9502583693259468,0.008392867228576361,0.018174168263084534,50
16,23,5,2,175,10,0.4148808910865739,0.40850963777515464,-0.6523323546243878,0.41396109270964276,0.41491236788240254,-0.10697142702071627,0.529058605311209,0.5043258788245542,-0.3482646246706034,-0.9502583693259468,0.008392867228576361,0.018174168263084534,50
16,24,5,2,200,10,0.4148808910865739,0.40850963777515464,-0.6523323546243878,0.41396109270964276,0.41491236788240254,-0.10697142702071627,0.529058605311209,0.5043258788245542,-0.3482646246706034,-0.9502583693259468,0.008392867228576361,0.018174168263084534,50
16,25,5,2,225,10,0.4148808910865739,0.40850963777515464,-0.6523323546243878,0.41396109270964276,0.41491236788240254,-0.10697142702071627,0.529058605311209,0.5043258788245542,-0.3482646246706034,-0.9502583693259468,0.008392867228576361,0.018174168263084534,50
16,26,5,2,250,10,0.4148808910865739,0.40850963777515464,-0.6523323546243878,0.41396109270964276,0.41491236788240254,-0.10697142702071627,0.529058605311209,0.5043258788245542,-0.3482646246706034,-0.9502583693259468,0.008392867228576361,0.018174168263084534,50
16,27,5,2,275,10,0.4148808910865739,0.40850963777515464,-0.6523323546243878,0.41396109270964276,0.41491236788240254,-0.10697142702071627,0.529058605311209,0.5043258788245542,-0.3482646246706034,-0.9502583693259468,0.008392867228576361,0.018174168263084534,50
16,28,5,2,300,10,0.4148808910865739,0.40850963777515464,-0.6523323546243878,0.41396109270964276,0.41491236788240254,-0.10697142702071627,0.529058605311209,0.5043258788245542,-0.3482646246706034,-0.9502583693259468,0.008392867228576361,0.018174168263084534,50
16,29,5,2,325,10,0.4148808910865739,0.40850963777515464,-0.6523323546243878,0.41396109270964276,0.41491236788240254,-0.10697142702071627,0.529058605311209,0.5043258788245542,-0.3482646246706034,-0.9502583693259468,0.008392867228576361,0.018174168263084534,50
16,30,5,2,350,10,0.4148808910865739,0.40850963777515464,-0.6523323546243878,0.41396109270964276,0.41491236788240254,-0.10697142702071627,0.529058605311209,0.5043258788245542,-0.3482646246706034,-0.9502583693259468,0.008392867228576361,0.018174168263084534,50
16,31,5,2,375,10,0.4148808910865739,0.40850963777515464,-0.6523323546243878,0.41396109270964276,0.41491236788240254,-0.10697142702071627,0.529058605311209,0.5043258788245542,-0.3482646246706034,-0.9502583693259468,0.008392867228576361,0.018174168263084534,50
16,32,5,2,400,10,0.4148808910865739,0.40850963777515464,-0.6523323546243878,0.41396109270964276,0.41491236788240254,-0.10697142702071627,0.529058605311209,0.5043258788245542,-0.3482646246706034,-0.9502583693259468,0.008392867228576361,0.018174168263084534,50
16,33,5,2,25,10,0.4131564443163772,0.4130519845737417,-0.6549866716642733,0.41510241673505394,0.41366033532366675,-0.10697142702071627,0.529058605311209,0.5043258788245542,-0.3482646246706034,-0.9502583693259468,0.0018595562554073943,0.004040300247899568,75
16,34,5,2,50,10,0.4131564443163772,0.4130519845737417,-0.6549866716642733,0.41510241673505394,0.41366033532366675,-0.10697142702071627,0.529058605311209,0.5043258788245542,-0.3482646246706034,-0.9502583693259468,0.0018595562554073943,0.004040300247899568,75
16,35,5,2,75,10,0.4131564443163772,0.4130519845737417,-0.6549866716642733,0.41510241673505394,0.41366033532366675,-0.10697142702071627,0.529058605311209,0.5043258788245542,-0.3482646246706034,-0.9502583693259468,0.0018595562554073943,0.004040300247899568,75
16,36,5,2,100,10,0.4131564443163772,0.4130519845737417,-0.6549866716642733,0.41510241673505394,0.41366033532366675,-0.10697142702071627,0.529058605311209,0.5043258788245542,-0.3482646246706034,-0.9502583693259468,0.0018595562554073943,0.004040300247899568,75
16,37,5,2,125,10,0.4131564443163772,0.4130519845737417,-0.6549866716642733,0.41510241673505394,0.41366033532366675,-0.10697142702071627,0.529058605311209,0.5043258788245542,-0.3482646246706034,-0.9502583693259468,0.0018595562554073943,0.004040300247899568,75
16,38,5,2,150,10,0.4131564443163772,0.4130519845737417,-0.6549866716642733,0.41510241673505394,0.41366033532366675,-0.10697142702071627,0.529058605311209,0.5043258788245542,-0.3482646246706034,-0.9502583693259468,0.0018595562554073943,0.004040300247899568,75
16,39,5,2,175,10,0.4131564443163772,0.4130519845737417,-0.6549866716642733,0.41510241673505394,0.41366033532366675,-0.10697142702071627,0.529058605311209,0.5043258788245542,-0.3482646246706034,-0.9502583693259468,0.0018595562554073943,0.004040300247899568,75
16,40,5,2,200,10,0.4131564443163772,0.4130519845737417,-0.6549866716642733,0.41510241673505394,0.41366033532366675,-0.10697142702071627,0.529058605311209,0.5043258788245542,-0.3482646246706034,-0.9502583693259468,0.0018595562554073943,0.004040300247899568,75
16,41,5,2,225,10,0.4131564443163772,0.4130519845737417,-0.6549866716642733,0.41510241673505394,0.41366033532366675,-0.10697142702071627,0.529058605311209,0.5043258788245542,-0.3482646246706034,-0.9502583693259468,0.0018595562554073943,0.004040300247899568,75
16,42,5,2,250,10,0.4131564443163772,0.4130519845737417,-0.6549866716642733,0.41510241673505394,0.41366033532366675,-0.10697142702071627,0.529058605311209,0.5043258788245542,-0.3482646246706034,-0.9502583693259468,0.0018595562554073943,0.004040300247899568,75
16,43,5,2,275,10,0.4131564443163772,0.4130519845737417,-0.6549866716642733,0.41510241673505394,0.41366033532366675,-0.10697142702071627,0.529058605311209,0.5043258788245542,-0.3482646246706034,-0.9502583693259468,0.0018595562554073943,0.004040300247899568,75
16,44,5,2,300,10,0.4131564443163772,0.4130519845737417,-0.6549866716642733,0.41510241673505394,0.41366033532366675,-0.10697142702071627,0.529058605311209,0.5043258788245542,-0.3482646246706034,-0.9502583693259468,0.0018595562554073943,0.004040300247899568,75
16,45,5,2,325,10,0.4131564443163772,0.4130519845737417,-0.6549866716642733,0.41510241673505394,0.41366033532366675,-0.10697142702071627,0.529058605311209,0.5043258788245542,-0.3482646246706034,-0.9502583693259468,0.0018595562554073943,0.004040300247899568,75
16,46,5,2,350,10,0.4131564443163772,0.4130519845737417,-0.6549866716642733,0.41510241673505394,0.41366033532366675,-0.10697142702071627,0.529058605311209,0.5043258788245542,-0.3482646246706034,-0.9502583693259468,0.0018595562554073943,0.004040300247899568,75
16,47,5,2,375,10,0.4131564443163772,0.4130519845737417,-0.6549866716642733,0.41510241673505394,0.41366033532366675,-0.10697142702071627,0.529058605311209,0.5043258788245542,-0.3482646246706034,-0.9502583693259468,0.0018595562554073943,0.004040300247899568,75
16,48,5,2,400,10,0.4131564443163772,0.4130519845737417,-0.6549866716642733,0.41510241673505394,0.41366033532366675,-0.10697142702071627,0.529058605311209,0.5043258788245542,-0.3482646246706034,-0.9502583693259468,0.0018595562554073943,0.004040300247899568,75
16,49,5,2,25,10,0.41395549897801687,0.41354639590010117,-0.6561887136190737,0.41470899985209037,0.4139726737313222,-0.10697142702071627,0.529058605311209,0.5043258788245542,-0.3482646246706034,-0.9502583693259468,0.0006136594217953377,0.0013303233875396954,100
16,50,5,2,50,10,0.41395549897801687,0.41354639590010117,-0.6561887136190737,0.41470899985209037,0.4139726737313222,-0.10697142702071627,0.529058605311209,0.5043258788245542,-0.3482646246706034,-0.9502583693259468,0.0006136594217953377,0.0013303233875396954,100
16,51,5,2,75,10,0.41395549897801687,0.41354639590010117,-0.6561887136190737,0.41470899985209037,0.4139726737313222,-0.10697142702071627,0.529058605311209,0.5043258788245542,-0.3482646246706034,-0.9502583693259468,0.0006136594217953377,0.0013303233875396954,100
16,52,5,2,100,10,0.41395549897801687,0.41354639590010117,-0.6561887136190737,0.41470899985209037,0.4139726737313222,-0.10697142702071627,0.529058605311209,0.5043258788245542,-0.3482646246706034,-0.9502583693259468,0.0006136594217953377,0.0013303233875396954,100
16,53,5,2,125,10,0.41395549897801687,0.41354639590010117,-0.6561887136190737,0.41470899985209037,0.4139726737313222,-0.10697142702071627,0.529058605311209,0.5043258788245542,-0.3482646246706034,-0.9502583693259468,0.0006136594217953377,0.0013303233875396954,100
16,54,5,2,150,10,0.41395549897801687,0.41354639590010117,-0.6561887136190737,0.41470899985209037,0.4139726737313222,-0.10697142702071627,0.529058605311209,0.5043258788245542,-0.3482646246706034,-0.9502583693259468,0.0006136594217953377,0.0013303233875396954,100
16,55,5,2,175,10,0.41395549897801687,0.41354639590010117,-0.6561887136190737,0.41470899985209037,0.4139726737313222,-0.10697142702071627,0.529058605311209,0.5043258788245542,-0.3482646246706034,-0.9502583693259468,0.0006136594217953377,0.0013303233875396954,100
16,56,5,2,200,10,0.41395549897801687,0.41354639590010117,-0.6561887136190737,0.41470899985209037,0.4139726737313222,-0.10697142702071627,0.529058605311209,0.5043258788245542,-0.3482646246706034,-0.9502583693259468,0.0006136594217953377,0.0013303233875396954,100
16,57,5,2,225,10,0.41395549897801687,0.41354639590010117,-0.6561887136190737,0.41470899985209037,0.4139726737313222,-0.10697142702071627,0.529058605311209,0.5043258788245542,-0.3482646246706034,-0.9502583693259468,0.0006136594217953377,0.0013303233875396954,100
16,58,5,2,250,10,0.41395549897801687,0.41354639590010117,-0.6561887136190737,0.41470899985209037,0.4139726737313222,-0.10697142702071627,0.529058605311209,0.5043258788245542,-0.3482646246706034,-0.9502583693259468,0.0006136594217953377,0.0013303233875396954,100
16,59,5,2,275,10,0.41395549897801687,0.41354639590010117,-0.6561887136190737,0.41470899985209037,0.4139726737313222,-0.10697142702071627,0.529058605311209,0.5043258788245542,-0.3482646246706034,-0.9502583693259468,0.0006136594217953377,0.0013303233875396954,100
16,60,5,2,300,10,0.41395549897801687,0.41354639590010117,-0.6561887136190737,0.41470899985209037,0.4139726737313222,-0.10697142702071627,0.529058605311209,0.5043258788245542,-0.3482646246706034,-0.9502583693259468,0.0006136594217953377,0.0013303233875396954,100
16,61,5,2,325,10,0.41395549897801687,0.41354639590010117,-0.6561887136190737,0.41470899985209037,0.4139726737313222,-0.10697142702071627,0.529058605311209,0.5043258788245542,-0.3482646246706034,-0.9502583693259468,0.0006136594217953377,0.0013303233875396954,100
16,62,5,2,350,10,0.41395549897801687,0.41354639590010117,-0.6561887136190737,0.41470899985209037,0.4139726737313222,-0.10697142702071627,0.529058605311209,0.5043258788245542,-0.3482646246706034,-0.9502583693259468,0.0006136594217953377,0.0013303233875396954,100
16,63,5,2,375,10,0.41395549897801687,0.41354639590010117,-0.6561887136190737,0.41470899985209037,0.4139726737313222,-0.10697142702071627,0.529058605311209,0.5043258788245542,-0.3482646246706034,-0.9502583693259468,0.0006136594217953377,0.0013303233875396954,100
16,64,5,2,400,10,0.41395549897801687,0.41354639590010117,-0.6561887136190737,0.41470899985209037,0.4139726737313222,-0.10697142702071627,0.529058605311209,0.5043258788245542,-0.3482646246706034,-0.9502583693259468,0.0006136594217953377,0.0013303233875396954,100
16,65,5,2,25,10,0.4137941125668769,0.4139804764933516,-0.6567963574959673,0.41474155388362083,0.4142780587831986,-0.10697142702071627,0.529058605311209,0.5043258788245542,-0.3482646246706034,-0.9502583693259468,0.00025645955334676723,0.0005549036080590062,125
16,66,5,2,50,10,0.4137941125668769,0.4139804764933516,-0.6567963574959673,0.41474155388362083,0.4142780587831986,-0.10697142702071627,0.529058605311209,0.5043258788245542,-0.3482646246706034,-0.9502583693259468,0.00025645955334676723,0.0005549036080590062,125
16,67,5,2,75,10,0.4137941125668769,0.4139804764933516,-0.6567963574959673,0.41474155388362083,0.4142780587831986,-0.10697142702071627,0.529058605311209,0.5043258788245542,-0.3482646246706034,-0.9502583693259468,0.00025645955334676723,0.0005549036080590062,125
16,68,5,2,100,10,0.4137941125668769,0.4139804764933516,-0.6567963574959673,0.41474155388362083,0.4142780587831986,-0.10697142702071627,0.529058605311209,0.5043258788245542,-0.3482646246706034,-0.9502583693259468,0.00025645955334676723,0.0005549036080590062,125
16,69,5,2,125,10,0.4137941125668769,0.4139804764933516,-0.6567963574959673,0.41474155388362083,0.4142780587831986,-0.10697142702071627,0.529058605311209,0.5043258788245542,-0.3482646246706034,-0.9502583693259468,0.00025645955334676723,0.0005549036080590062,125
16,70,5,2,150,10,0.4137941125668769,0.4139804764933516,-0.6567963574959673,0.41474155388362083,0.4142780587831986,-0.10697142702071627,0.529058605311209,0.5043258788245542,-0.3482646246706034,-0.9502583693259468,0.00025645955334676723,0.0005549036080590062,125
16,71,5,2,175,10,0.4137941125668769,0.4139804764933516,-0.6567963574959673,0.41474155388362083,0.4142780587831986,-0.10697142702071627,0.529058605311209,0.5043258788245542,-0.3482646246706034,-0.9502583693259468,0.00025645955334676723,0.0005549036080590062,125
16,72,5,2,200,10,0.4137941125668769,0.4139804764933516,-0.6567963574959673,0.41474155388362083,0.4142780587831986,-0.10697142702071627,0.529058605311209,0.5043258788245542,-0.3482646246706034,-0.9502583693259468,0.00025645955334676723,0.0005549036080590062,125
16,73,5,2,225,10,0.4137941125668769,0.4139804764933516,-0.6567963574959673,0.41474155388362083,0.4142780587831986,-0.10697142702071627,0.529058605311209,0.5043258788245542,-0.3482646246706034,-0.9502583693259468,0.00025645955334676723,0.0005549036080590062,125
16,74,5,2,250,10,0.4137941125668769,0.4139804764933516,-0.6567963574959673,0.41474155388362083,0.4142780587831986,-0.10697142702071627,0.529058605311209,0.5043258788245542,-0.3482646246706034,-0.9502583693259468,0.00025645955334676723,0.0005549036080590062,125
16,75,5,2,275,10,0.4137941125668769,0.4139804764933516,-0.6567963574959673,0.41474155388362083,0.4142780587831986,-0.10697142702071627,0.529058605311209,0.5043258788245542,-0.3482646246706034,-0.9502583693259468,0.00025645955334676723,0.0005549036080590062,125
16,76,5,2,300,10,0.4137941125668769,0.4139804764933516,-0.6567963574959673,0.41474155388362083,0.4142780587831986,-0.10697142702071627,0.529058605311209,0.5043258788245542,-0.3482646246706034,-0.9502583693259468,0.00025645955334676723,0.0005549036080590062,125
16,77,5,2,325,10,0.4137941125668769,0.4139804764933516,-0.6567963574959673,0.41474155388362083,0.4142780587831986,-0.10697142702071627,0.529058605311209,0.5043258788245542,-0.3482646246706034,-0.9502583693259468,0.00025645955334676723,0.0005549036080590062,125
16,78,5,2,350,10,0.4137941125668769,0.4139804764933516,-0.6567963574959673,0.41474155388362083,0.4142780587831986,-0.10697142702071627,0.529058605311209,0.5043258788245542,-0.3482646246706034,-0.9502583693259468,0.00025645955334676723,0.0005549036080590062,125
16,79,5,2,375,10,0.4137941125668769,0.4139804764933516,-0.6567963574959673,0.41474155388362083,0.4142780587831986,-0.10697142702071627,0.529058605311209,0.5043258788245542,-0.3482646246706034,-0.9502583693259468,0.00025645955334676723,0.0005549036080590062,125
16,80,5,2,400,10,0.4137941125668769,0.4139804764933516,-0.6567963574959673,0.41474155388362083,0.4142780587831986,-0.10697142702071627,0.529058605311209,0.5043258788245542,-0.3482646246706034,-0.9502583693259468,0.00025645955334676723,0.0005549036080590062,125
16,81,5,2,25,10,0.4141019835911571,0.4142534762786389,-0.6571409160006121,0.4143954698535047,0.4143889332982875,-0.10697142702071627,0.529058605311209,0.5043258788245542,-0.3482646246706034,-0.9502583693259468,0.00012504126904096905,0.00027024449641202216,150
16,82,5,2,50,10,0.4141019835911571,0.4142534762786389,-0.6571409160006121,0.4143954698535047,0.4143889332982875,-0.10697142702071627,0.529058605311209,0.5043258788245542,-0.3482646246706034,-0.9502583693259468,0.00012504126904096905,0.00027024449641202216,150
16,83,5,2,75,10,0.4141019835911571,0.4142534762786389,-0.6571409160006121,0.4143954698535047,0.4143889332982875,-0.10697142702071627,0.529058605311209,0.5043258788245542,-0.3482646246706034,-0.9502583693259468,0.00012504126904096905,0.00027024449641202216,150
16,84,5,2,100,10,0.4141019835911571,0.4142534762786389,-0.6571409160006121,0.4143954698535047,0.4143889332982875,-0.10697142702071627,0.529058605311209,0.5043258788245542,-0.3482646246706034,-0.9502583693259468,0.00012504126904096905,0.00027024449641202216,150
16,85,5,2,125,10,0.4141019835911571,0.4142534762786389,-0.6571409160006121,0.4143954698535047,0.4143889332982875,-0.10697142702071627,0.529058605311209,0.5043258788245542,-0.3482646246706034,-0.9502583693259468,0.00012504126904096905,0.00027024449641202216,150
16,86,5,2,150,10,0.4141019835911571,0.4142534762786389,-0.6571409160006121,0.4143954698535047,0.4143889332982875,-0.10697142702071627,0.529058605311209,0.5043258788245542,-0.3482646246706034,-0.9502583693259468,0.00012504126904096905,0.00027024449641202216,150
16,87,5,2,175,10,0.4141019835911571,0.4142534762786389,-0.6571409160006121,0.4143954698535047,0.4143889332982875,-0.10697142702071627,0.529058605311209,0.5043258788245542,-0.3482646246706034,-0.9502583693259468,0.00012504126904096905,0.00027024449641202216,150
16,88,5,2,200,10,0.4141019835911571,0.4142534762786389,-0.6571409160006121,0.4143954698535047,0.4143889332982875,-0.10697142702071627,0.529058605311209,0.5043258788245542,-0.3482646246706034,-0.9502583693259468,0.00012504126904096905,0.00027024449641202216,150
16,89,5,2,225,10,0.4141019835911571,0.4142534762786389,-0.6571409160006121,0.4143954698535047,0.4143889332982875,-0.10697142702071627,0.529058605311209,0.5043258788245542,-0.3482646246706034,-0.9502583693259468,0.00012504126904096905,0.00027024449641202216,150
16,90,5,2,250,10,0.4141019835911571,0.4142534762786389,-0.6571409160006121,0.4143954698535047,0.4143889332982875,-0.10697142702071627,0.529058605311209,0.5043258788245542,-0.3482646246706034,-0.9502583693259468,0.00012504126904096905,0.00027024449641202216,150
16,91,5,2,275,10,0.4141019835911571,0.4142534762786389,-0.6571409160006121,0.4143954698535047,0.4143889332982875,-0.10697142702071627,0.529058605311209,0.5043258788245542,-0.3482646246706034,-0.9502583693259468,0.00012504126904096905,0.00027024449641202216,150
16,92,5,2,300,10,0.4141019835911571,0.4142534762786389,-0.6571409160006121,0.4143954698535047,0.4143889332982875,-0.10697142702071627,0.529058605311209,0.5043258788245542,-0.3482646246706034,-0.9502583693259468,0.00012504126904096905,0.00027024449641202216,150
16,93,5,2,325,10,0.4141019835911571,0.4142534762786389,-0.6571409160006121,0.4143954698535047,0.4143889332982875,-0.10697142702071627,0.529058605311209,0.5043258788245542,-0.3482646246706034,-0.9502583693259468,0.00012504126904096905,0.00027024449641202216,150
16,94,5,2,350,10,0.4141019835911571,0.4142534762786389,-0.6571409160006121,0.4143954698535047,0.4143889332982875,-0.10697142702071627,0.529058605311209,0.5043258788245542,-0.3482646246706034,-0.9502583693259468,0.00012504126904096905,0.00027024449641202216,150
16,95,5,2,375,10,0.4141019835911571,0.4142534762786389,-0.6571409160006121,0.4143954698535047,0.4143889332982875,-0.10697142702071627,0.529058605311209,0.5043258788245542,-0.3482646246706034,-0.9502583693259468,0.00012504126904096905,0.00027024449641202216,150
16,96,5,2,400,10,0.4141019835911571,0.4142534762786389,-0.6571409160006121,0.4143954698535047,0.4143889332982875,-0.10697142702071627,0.529058605311209,0.5043258788245542,-0.3482646246706034,-0.9502583693259468,0.00012504126904096905,0.00027024449641202216,150
16,97,5,2,25,10,0.4144574309118035,0.41448319812050277,-0.6573544681010856,0.41481060267342135,0.41360266399309076,-0.10697142702071627,0.529058605311209,0.5043258788245542,-0.3482646246706034,-0.9502583693259468,6.796150359200308e-05,0.0001467343561018105,175
16,98,5,2,50,10,0.4144574309118035,0.41448319812050277,-0.6573544681010856,0.41481060267342135,0.41360266399309076,-0.10697142702071627,0.529058605311209,0.5043258788245542,-0.3482646246706034,-0.9502583693259468,6.796150359200308e-05,0.0001467343561018105,175
16,99,5,2,75,10,0.4144574309118035,0.41448319812050277,-0.6573544681010856,0.41481060267342135,0.41360266399309076,-0.10697142702071627,0.529058605311209,0.5043258788245542,-0.3482646246706034,-0.9502583693259468,6.796150359200308e-05,0.0001467343561018105,175
16,100,5,2,100,10,0.4144574309118035,0.41448319812050277,-0.6573544681010856,0.41481060267342135,0.41360266399309076,-0.10697142702071627,0.529058605311209,0.5043258788245542,-0.3482646246706034,-0.9502583693259468,6.796150359200308e-05,0.0001467343561018105,175
16,101,5,2,125,10,0.4144574309118035,0.41448319812050277,-0.6573544681010856,0.41481060267342135,0.41360266399309076,-0.10697142702071627,0.529058605311209,0.5043258788245542,-0.3482646246706034,-0.9502583693259468,6.796150359200308e-05,0.0001467343561018105,175
16,102,5,2,150,10,0.4144574309118035,0.41448319812050277,-0.6573544681010856,0.41481060267342135,0.41360266399309076,-0.10697142702071627,0.529058605311209,0.5043258788245542,-0.3482646246706034,-0.9502583693259468,6.796150359200308e-05,0.0001467343561018105,175
16,103,5,2,175,10,0.4144574309118035,0.41448319812050277,-0.6573544681010856,0.41481060267342135,0.41360266399309076,-0.10697142702071627,0.529058605311209,0.5043258788245542,-0.3482646246706034,-0.9502583693259468,6.796150359200308e-05,0.0001467343561018105,175
16,104,5,2,200,10,0.4144574309118035,0.41448319812050277,-0.6573544681010856,0.41481060267342135,0.41360266399309076,-0.10697142702071627,0.529058605311209,0.5043258788245542,-0.3482646246706034,-0.9502583693259468,6.796150359200308e-05,0.0001467343561018105,175
16,105,5,2,225,10,0.4144574309118035,0.41448319812050277,-0.6573544681010856,0.41481060267342135,0.41360266399309076,-0.10697142702071627,0.529058605311209,0.5043258788245542,-0.3482646246706034,-0.9502583693259468,6.796150359200308e-05,0.0001467343561018105,175
16,106,5,2,250,10,0.4144574309118035,0.41448319812050277,-0.6573544681010856,0.41481060267342135,0.41360266399309076,-0.10697142702071627,0.529058605311209,0.5043258788245542,-0.3482646246706034,-0.9502583693259468,6.796150359200308e-05,0.0001467343561018105,175
16,107,5,2,275,10,0.4144574309118035,0.41448319812050277,-0.6573544681010856,0.41481060267342135,0.41360266399309076,-0.10697142702071627,0.529058605311209,0.5043258788245542,-0.3482646246706034,-0.9502583693259468,6.796150359200308e-05,0.0001467343561018105,175
16,108,5,2,300,10,0.4144574309118035,0.41448319812050277,-0.6573544681010856,0.41481060267342135,0.41360266399309076,-0.10697142702071627,0.529058605311209,0.5043258788245542,-0.3482646246706034,-0.9502583693259468,6.796150359200308e-05,0.0001467343561018105,175
16,109,5,2,325,10,0.4144574309118035,0.41448319812050277,-0.6573544681010856,0.41481060267342135,0.41360266399309076,-0.10697142702071627,0.529058605311209,0.5043258788245542,-0.3482646246706034,-0.9502583693259468,6.796150359200308e-05,0.0001467343561018105,175
16,110,5,2,350,10,0.4144574309118035,0.41448319812050277,-0.6573544681010856,0.41481060267342135,0.41360266399309076,-0.10697142702071627,0.529058605311209,0.5043258788245542,-0.3482646246706034,-0.9502583693259468,6.796150359200308e-05,0.0001467343561018105,175
16,111,5,2,375,10,0.4144574309118035,0.41448319812050277,-0.6573544681010856,0.41481060267342135,0.41360266399309076,-0.10697142702071627,0.529058605311209,0.5043258788245542,-0.3482646246706034,-0.9502583693259468,6.796150359200308e-05,0.0001467343561018105,175
16,112,5,2,400,10,0.4144574309118035,0.41448319812050277,-0.6573544681010856,0.41481060267342135,0.41360266399309076,-0.10697142702071627,0.529058605311209,0.5043258788245542,-0.3482646246706034,-0.9502583693259468,6.796150359200308e-05,0.0001467343561018105,175
16,113,5,2,25,10,0.41414395761875317,0.4144747422901328,-0.6574937692235694,0.4145942660833672,0.4142804658609732,-0.10697142702071627,0.529058605311209,0.5043258788245542,-0.3482646246706034,-0.9502583693259468,4.000263278629735e-05,8.634223628434063e-05,200
16,114,5,2,50,10,0.41414395761875317,0.4144747422901328,-0.6574937692235694,0.4145942660833672,0.4142804658609732,-0.10697142702071627,0.529058605311209,0.5043258788245542,-0.3482646246706034,-0.9502583693259468,4.000263278629735e-05,8.634223628434063e-05,200
16,115,5,2,75,10,0.41414395761875317,0.4144747422901328,-0.6574937692235694,0.4145942660833672,0.4142804658609732,-0.10697142702071627,0.529058605311209,0.5043258788245542,-0.3482646246706034,-0.9502583693259468,4.000263278629735e-05,8.634223628434063e-05,200
16,116,5,2,100,10,0.41414395761875317,0.4144747422901328,-0.6574937692235694,0.4145942660833672,0.4142804658609732,-0.10697142702071627,0.529058605311209,0.5043258788245542,-0.3482646246706034,-0.9502583693259468,4.000263278629735e-05,8.634223628434063e-05,200
16,117,5,2,125,10,0.41414395761875317,0.4144747422901328,-0.6574937692235694,0.4145942660833672,0.4142804658609732,-0.10697142702071627,0.529058605311209,0.5043258788245542,-0.3482646246706034,-0.9502583693259468,4.000263278629735e-05,8.634223628434063e-05,200
16,118,5,2,150,10,0.41414395761875317,0.4144747422901328,-0.6574937692235694,0.4145942660833672,0.4142804658609732,-0.10697142702071627,0.529058605311209,0.5043258788245542,-0.3482646246706034,-0.9502583693259468,4.000263278629735e-05,8.634223628434063e-05,200
16,119,5,2,175,10,0.41414395761875317,0.4144747422901328,-0.6574937692235694,0.4145942660833672,0.4142804658609732,-0.10697142702071627,0.529058605311209,0.5043258788245542,-0.3482646246706034,-0.9502583693259468,4.000263278629735e-05,8.634223628434063e-05,200
16,120,5,2,200,10,0.41414395761875317,0.4144747422901328,-0.6574937692235694,0.4145942660833672,0.4142804658609732,-0.10697142702071627,0.529058605311209,0.5043258788245542,-0.3482646246706034,-0.9502583693259468,4.000263278629735e-05,8.634223628434063e-05,200
16,121,5,2,225,10,0.41414395761875317,0.4144747422901328,-0.6574937692235694,0.4145942660833672,0.4142804658609732,-0.10697142702071627,0.529058605311209,0.5043258788245542,-0.3482646246706034,-0.9502583693259468,4.000263278629735e-05,8.634223628434063e-05,200
16,122,5,2,250,10,0.41414395761875317,0.4144747422901328,-0.6574937692235694,0.4145942660833672,0.4142804658609732,-0.10697142702071627,0.529058605311209,0.5043258788245542,-0.3482646246706034,-0.9502583693259468,4.000263278629735e-05,8.634223628434063e-05,200
16,123,5,2,275,10,0.41414395761875317,0.4144747422901328,-0.6574937692235694,0.4145942660833672,0.4142804658609732,-0.10697142702071627,0.529058605311209,0.5043258788245542,-0.3482646246706034,-0.9502583693259468,4.000263278629735e-05,8.634223628434063e-05,200
16,124,5,2,300,10,0.41414395761875317,0.4144747422901328,-0.6574937692235694,0.4145942660833672,0.4142804658609732,-0.10697142702071627,0.529058605311209,0.5043258788245542,-0.3482646246706034,-0.9502583693259468,4.000263278629735e-05,8.634223628434063e-05,200
16,125,5,2,325,10,0.41414395761875317,0.4144747422901328,-0.6574937692235694,0.4145942660833672,0.4142804658609732,-0.10697142702071627,0.529058605311209,0.5043258788245542,-0.3482646246706034,-0.9502583693259468,4.000263278629735e-05,8.634223628434063e-05,200
16,126,5,2,350,10,0.41414395761875317,0.4144747422901328,-0.6574937692235694,0.4145942660833672,0.4142804658609732,-0.10697142702071627,0.529058605311209,0.5043258788245542,-0.3482646246706034,-0.9502583693259468,4.000263278629735e-05,8.634223628434063e-05,200
16,127,5,2,375,10,0.41414395761875317,0.4144747422901328,-0.6574937692235694,0.4145942660833672,0.4142804658609732,-0.10697142702071627,0.529058605311209,0.5043258788245542,-0.3482646246706034,-0.9502583693259468,4.000263278629735e-05,8.634223628434063e-05,200
16,128,5,2,400,10,0.41414395761875317,0.4144747422901328,-0.6574937692235694,0.4145942660833672,0.4142804658609732,-0.10697142702071627,0.529058605311209,0.5043258788245542,-0.3482646246706034,-0.9502583693259468,4.000263278629735e-05,8.634223628434063e-05,200
16,129,5,2,25,10,0.4141695360808698,0.41448794862044414,-0.6575909241012585,0.4144813215749234,0.41445190649095937,-0.10697142702071627,0.529058605311209,0.5043258788245542,-0.3482646246706034,-0.9502583693259468,2.5049653824123728e-05,5.4044206921559104e-05,225
16,130,5,2,50,10,0.4141695360808698,0.41448794862044414,-0.6575909241012585,0.4144813215749234,0.41445190649095937,-0.10697142702071627,0.529058605311209,0.5043258788245542,-0.3482646246706034,-0.9502583693259468,2.5049653824123728e-05,5.4044206921559104e-05,225
16,131,5,2,75,10,0.4141695360808698,0.41448794862044414,-0.6575909241012585,0.4144813215749234,0.41445190649095937,-0.10697142702071627,0.529058605311209,0.5043258788245542,-0.3482646246706034,-0.9502583693259468,2.5049653824123728e-05,5.4044206921559104e-05,225
16,132,5,2,100,10,0.4141695360808698,0.41448794862044414,-0.6575909241012585,0.4144813215749234,0.41445190649095937,-0.10697142702071627,0.529058605311209,0.5043258788245542,-0.3482646246706034,-0.9502583693259468,2.5049653824123728e-05,5.4044206921559104e-05,225
16,133,5,2,125,10,0.4141695360808698,0.41448794862044414,-0.6575909241012585,0.4144813215749234,0.41445190649095937,-0.10697142702071627,0.529058605311209,0.5043258788245542,-0.3482646246706034,-0.9502583693259468,2.5049653824123728e-05,5.4044206921559104e-05,225
16,134,5,2,150,10,0.4141695360808698,0.41448794862044414,-0.6575909241012585,0.4144813215749234,0.41445190649095937,-0.10697142702071627,0.529058605311209,0.5043258788245542,-0.3482646246706034,-0.9502583693259468,2.5049653824123728e-05,5.4044206921559104e-05,225
16,135,5,2,175,10,0.4141695360808698,0.41448794862044414,-0.6575909241012585,0.4144813215749234,0.41445190649095937,-0.10697142702071627,0.529058605311209,0.5043258788245542,-0.3482646246706034,-0.9502583693259468,2.5049653824123728e-05,5.4044206921559104e-05,225
16,136,5,2,200,10,0.4141695360808698,0.41448794862044414,-0.6575909241012585,0.4144813215749234,0.41445190649095937,-0.10697142702071627,0.529058605311209,0.5043258788245542,-0.3482646246706034,-0.9502583693259468,2.5049653824123728e-05,5.4044206921559104e-05,225
16,137,5,2,225,10,0.4141695360808698,0.41448794862044414,-0.6575909241012585,0.4144813215749234,0.41445190649095937,-0.10697142702071627,0.529058605311209,0.5043258788245542,-0.3482646246706034,-0.9502583693259468,2.5049653824123728e-05,5.4044206921559104e-05,225
16,138,5,2,250,10,0.4141695360808698,0.41448794862044414,-0.6575909241012585,0.4144813215749234,0.41445190649095937,-0.10697142702071627,0.529058605311209,0.5043258788245542,-0.3482646246706034,-0.9502583693259468,2.5049653824123728e-05,5.4044206921559104e-05,225
16,139,5,2,275,10,0.4141695360808698,0.41448794862044414,-0.6575909241012585,0.4144813215749234,0.41445190649095937,-0.10697142702071627,0.529058605311209,0.5043258788245542,-0.3482646246706034,-0.9502583693259468,2.5049653824123728e-05,5.4044206921559104e-05,225
16,140,5,2,300,10,0.4141695360808698,0.41448794862044414,-0.6575909241012585,0.4144813215749234,0.41445190649095937,-0.10697142702071627,0.529058605311209,0.5043258788245542,-0.3482646246706034,-0.9502583693259468,2.5049653824123728e-05,5.4044206921559104e-05,225
16,141,5,2,325,10,0.4141695360808698,0.41448794862044414,-0.6575909241012585,0.4144813215749234,0.41445190649095937,-0.10697142702071627,0.529058605311209,0.5043258788245542,-0.3482646246706034,-0.9502583693259468,2.5049653824123728e-05,5.4044206921559104e-05,225
16,142,5,2,350,10,0.4141695360808698,0.41448794862044414,-0.6575909241012585,0.4144813215749234,0.41445190649095937,-0.10697142702071627,0.529058605311209,0.5043258788245542,-0.3482646246706034,-0.9502583693259468,2.5049653824123728e-05,5.4044206921559104e-05,225
16,143,5,2,375,10,0.4141695360808698,0.41448794862044414,-0.6575909241012585,0.4144813215749234,0.41445190649095937,-0.10697142702071627,0.529058605311209,0.5043258788245542,-0.3482646246706034,-0.9502583693259468,2.5049653824123728e-05,5.4044206921559104e-05,225
16,144,5,2,400,10,0.4141695360808698,0.41448794862044414,-0.6575909241012585,0.4144813215749234,0.41445190649095937,-0.10697142702071627,0.529058605311209,0.5043258788245542,-0.3482646246706034,-0.9502583693259468,2.5049653824123728e-05,5.4044206921559104e-05,225
16,145,5,2,25,10,0.414208787673446,0.4142892520060675,-0.6576609547210719,0.4146170434134399,0.4145457326571382,-0.10697142702071627,0.529058605311209,0.5043258788245542,-0.3482646246706034,-0.9502583693259468,1.6472228684843547e-05,3.5524739561045075e-05,250
16,146,5,2,50,10,0.414208787673446,0.4142892520060675,-0.6576609547210719,0.4146170434134399,0.4145457326571382,-0.10697142702071627,0.529058605311209,0.5043258788245542,-0.3482646246706034,-0.9502583693259468,1.6472228684843547e-05,3.5524739561045075e-05,250
16,147,5,2,75,10,0.414208787673446,0.4142892520060675,-0.6576609547210719,0.4146170434134399,0.4145457326571382,-0.10697142702071627,0.529058605311209,0.5043258788245542,-0.3482646246706034,-0.9502583693259468,1.6472228684843547e-05,3.5524739561045075e-05,250
16,148,5,2,100,10,0.414208787673446,0.4142892520060675,-0.6576609547210719,0.4146170434134399,0.4145457326571382,-0.10697142702071627,0.529058605311209,0.5043258788245542,-0.3482646246706034,-0.9502583693259468,1.6472228684843547e-05,3.5524739561045075e-05,250
16,149,5,2,125,10,0.414208787673446,0.4142892520060675,-0.6576609547210719,0.4146170434134399,0.4145457326571382,-0.10697142702071627,0.529058605311209,0.5043258788245542,-0.3482646246706034,-0.9502583693259468,1.6472228684843547e-05,3.5524739561045075e-05,250
16,150,5,2,150,10,0.414208787673446,0.4142892520060675,-0.6576609547210719,0.4146170434134399,0.4145457326571382,-0.10697142702071627,0.529058605311209,0.5043258788245542,-0.3482646246706034,-0.9502583693259468,1.6472228684843547e-05,3.5524739561045075e-05,250
16,151,5,2,175,10,0.414208787673446,0.4142892520060675,-0.6576609547210719,0.4146170434134399,0.4145457326571382,-0.10697142702071627,0.529058605311209,0.5043258788245542,-0.3482646246706034,-0.9502583693259468,1.6472228684843547e-05,3.5524739561045075e-05,250
16,152,5,2,200,10,0.414208787673446,0.4142892520060675,-0.6576609547210719,0.4146170434134399,0.4145457326571382,-0.10697142702071627,0.529058605311209,0.5043258788245542,-0.3482646246706034,-0.9502583693259468,1.6472228684843547e-05,3.5524739561045075e-05,250
16,153,5,2,225,10,0.414208787673446,0.4142892520060675,-0.6576609547210719,0.4146170434134399,0.4145457326571382,-0.10697142702071627,0.529058605311209,0.5043258788245542,-0.3482646246706034,-0.9502583693259468,1.6472228684843547e-05,3.5524739561045075e-05,250
16,154,5,2,250,10,0.414208787673446,0.4142892520060675,-0.6576609547210719,0.4146170434134399,0.4145457326571382,-0.10697142702071627,0.529058605311209,0.5043258788245542,-0.3482646246706034,-0.9502583693259468,1.6472228684843547e-05,3.5524739561045075e-05,250
16,155,5,2,275,10,0.414208787673446,0.4142892520060675,-0.6576609547210719,0.4146170434134399,0.4145457326571382,-0.10697142702071627,0.529058605311209,0.5043258788245542,-0.3482646246706034,-0.9502583693259468,1.6472228684843547e-05,3.5524739561045075e-05,250
16,156,5,2,300,10,0.414208787673446,0.4142892520060675,-0.6576609547210719,0.4146170434134399,0.4145457326571382,-0.10697142702071627,0.529058605311209,0.5043258788245542,-0.3482646246706034,-0.9502583693259468,1.6472228684843547e-05,3.5524739561045075e-05,250
16,157,5,2,325,10,0.414208787673446,0.4142892520060675,-0.6576609547210719,0.4146170434134399,0.4145457326571382,-0.10697142702071627,0.529058605311209,0.5043258788245542,-0.3482646246706034,-0.9502583693259468,1.6472228684843547e-05,3.5524739561045075e-05,250
16,158,5,2,350,10,0.414208787673446,0.4142892520060675,-0.6576609547210719,0.4146170434134399,0.4145457326571382,-0.10697142702071627,0.529058605311209,0.5043258788245542,-0.3482646246706034,-0.9502583693259468,1.6472228684843547e-05,3.5524739561045075e-05,250
16,159,5,2,375,10,0.414208787673446,0.4142892520060675,-0.6576609547210719,0.4146170434134399,0.4145457326571382,-0.10697142702071627,0.529058605311209,0.5043258788245542,-0.3482646246706034,-0.9502583693259468,1.6472228684843547e-05,3.5524739561045075e-05,250
16,160,5,2,400,10,0.414208787673446,0.4142892520060675,-0.6576609547210719,0.4146170434134399,0.4145457326571382,-0.10697142702071627,0.529058605311209,0.5043258788245542,-0.3482646246706034,-0.9502583693259468,1.6472228684843547e-05,3.5524739561045075e-05,250
16,161,5,2,25,10,0.4143279055848838,0.41445169087951556,-0.6577126206593013,0.4143656053625488,0.41456732373552946,-0.10697142702071627,0.529058605311209,0.5043258788245542,-0.3482646246706034,-0.9502583693259468,1.1267621358545973e-05,2.4297427950533678e-05,275
16,162,5,2,50,10,0.4143279055848838,0.41445169087951556,-0.6577126206593013,0.4143656053625488,0.41456732373552946,-0.10697142702071627,0.529058605311209,0.5043258788245542,-0.3482646246706034,-0.9502583693259468,1.1267621358545973e-05,2.4297427950533678e-05,275
16,163,5,2,75,10,0.4143279055848838,0.41445169087951556,-0.6577126206593013,0.4143656053625488,0.41456732373552946,-0.10697142702071627,0.529058605311209,0.5043258788245542,-0.3482646246706034,-0.9502583693259468,1.1267621358545973e-05,2.4297427950533678e-05,275
16,164,5,2,100,10,0.4143279055848838,0.41445169087951556,-0.6577126206593013,0.4143656053625488,0.41456732373552946,-0.10697142702071627,0.529058605311209,0.5043258788245542,-0.3482646246706034,-0.9502583693259468,1.1267621358545973e-05,2.4297427950533678e-05,275
16,165,5,2,125,10,0.4143279055848838,0.41445169087951556,-0.6577126206593013,0.4143656053625488,0.41456732373552946,-0.10697142702071627,0.529058605311209,0.5043258788245542,-0.3482646246706034,-0.9502583693259468,1.1267621358545973e-05,2.4297427950533678e-05,275
16,166,5,2,150,10,0.4143279055848838,0.41445169087951556,-0.6577126206593013,0.4143656053625488,0.41456732373552946,-0.10697142702071627,0.529058605311209,0.5043258788245542,-0.3482646246706034,-0.9502583693259468,1.1267621358545973e-05,2.4297427950533678e-05,275
16,167,5,2,175,10,0.4143279055848838,0.41445169087951556,-0.6577126206593013,0.4143656053625488,0.41456732373552946,-0.10697142702071627,0.529058605311209,0.5043258788245542,-0.3482646246706034,-0.9502583693259468,1.1267621358545973e-05,2.4297427950533678e-05,275
16,168,5,2,200,10,0.4143279055848838,0.41445169087951556,-0.6577126206593013,0.4143656053625488,0.41456732373552946,-0.10697142702071627,0.529058605311209,0.5043258788245542,-0.3482646246706034,-0.9502583693259468,1.1267621358545973e-05,2.4297427950533678e-05,275
16,169,5,2,225,10,0.4143279055848838,0.41445169087951556,-0.6577126206593013,0.4143656053625488,0.41456732373552946,-0.10697142702071627,0.529058605311209,0.5043258788245542,-0.3482646246706034,-0.9502583693259468,1.1267621358545973e-05,2.4297427950533678e-05,275
16,170,5,2,250,10,0.4143279055848838,0.41445169087951556,-0.6577126206593013,0.4143656053625488,0.41456732373552946,-0.10697142702071627,0.529058605311209,0.5043258788245542,-0.3482646246706034,-0.9502583693259468,1.1267621358545973e-05,2.4297427950533678e-05,275
16,171,5,2,275,10,0.4143279055848838,0.41445169087951556,-0.6577126206593013,0.4143656053625488,0.41456732373552946,-0.10697142702071627,0.529058605311209,0.5043258788245542,-0.3482646246706034,-0.9502583693259468,1.1267621358545973e-05,2.4297427950533678e-05,275
16,172,5,2,300,10,0.4143279055848838,0.41445169087951556,-0.6577126206593013,0.4143656053625488,0.41456732373552946,-0.10697142702071627,0.529058605311209,0.5043258788245542,-0.3482646246706034,-0.9502583693259468,1.1267621358545973e-05,2.4297427950533678e-05,275
16,173,5,2,325,10,0.4143279055848838,0.41445169087951556,-0.6577126206593013,0.4143656053625488,0.41456732373552946,-0.10697142702071627,0.529058605311209,0.5043258788245542,-0.3482646246706034,-0.9502583693259468,1.1267621358545973e-05,2.4297427950533678e-05,275
16,174,5,2,350,10,0.4143279055848838,0.41445169087951556,-0.6577126206593013,0.4143656053625488,0.41456732373552946,-0.10697142702071627,0.529058605311209,0.5043258788245542,-0.3482646246706034,-0.9502583693259468,1.1267621358545973e-05,2.4297427950533678e-05,275
16,175,5,2,375,10,0.4143279055848838,0.41445169087951556,-0.6577126206593013,0.4143656053625488,0.41456732373552946,-0.10697142702071627,0.529058605311209,0.5043258788245542,-0.3482646246706034,-0.9502583693259468,1.1267621358545973e-05,2.4297427950533678e-05,275
16,176,5,2,400,10,0.4143279055848838,0.41445169087951556,-0.6577126206593013,0.4143656053625488,0.41456732373552946,-0.10697142702071627,0.529058605311209,0.5043258788245542,-0.3482646246706034,-0.9502583693259468,1.1267621358545973e-05,2.4297427950533678e-05,275
16,177,5,2,25,10,0.4145088781669033,0.41426886345818104,-0.6577524969795968,0.41439854043373064,0.414576147639582,-0.10697142702071627,0.529058605311209,0.5043258788245542,-0.3482646246706034,-0.9502583693259468,7.965741947199273e-06,1.7173636533453903e-05,300
16,178,5,2,50,10,0.4145088781669033,0.41426886345818104,-0.6577524969795968,0.41439854043373064,0.414576147639582,-0.10697142702071627,0.529058605311209,0.5043258788245542,-0.3482646246706034,-0.9502583693259468,7.965741947199273e-06,1.7173636533453903e-05,300
16,179,5,2,75,10,0.4145088781669033,0.41426886345818104,-0.6577524969795968,0.41439854043373064,0.414576147639582,-0.10697142702071627,0.529058605311209,0.5043258788245542,-0.3482646246706034,-0.9502583693259468,7.965741947199273e-06,1.7173636533453903e-05,300
16,180,5,2,100,10,0.4145088781669033,0.41426886345818104,-0.6577524969795968,0.41439854043373064,0.414576147639582,-0.10697142702071627,0.529058605311209,0.5043258788245542,-0.3482646246706034,-0.9502583693259468,7.965741947199273e-06,1.7173636533453903e-05,300
16,181,5,2,125,10,0.4145088781669033,0.41426886345818104,-0.6577524969795968,0.41439854043373064,0.414576147639582,-0.10697142702071627,0.529058605311209,0.5043258788245542,-0.3482646246706034,-0.9502583693259468,7.965741947199273e-06,1.7173636533453903e-05,300
16,182,5,2,150,10,0.4145088781669033,0.41426886345818104,-0.6577524969795968,0.41439854043373064,0.414576147639582,-0.10697142702071627,0.529058605311209,0.5043258788245542,-0.3482646246706034,-0.9502583693259468,7.965741947199273e-06,1.7173636533453903e-05,300
16,183,5,2,175,10,0.4145088781669033,0.41426886345818104,-0.6577524969795968,0.41439854043373064,0.414576147639582,-0.10697142702071627,0.529058605311209,0.5043258788245542,-0.3482646246706034,-0.9502583693259468,7.965741947199273e-06,1.7173636533453903e-05,300
16,184,5,2,200,10,0.4145088781669033,0.41426886345818104,-0.6577524969795968,0.41439854043373064,0.414576147639582,-0.10697142702071627,0.529058605311209,0.5043258788245542,-0.3482646246706034,-0.9502583693259468,7.965741947199273e-06,1.7173636533453903e-05,300
16,185,5,2,225,10,0.4145088781669033,0.41426886345818104,-0.6577524969795968,0.41439854043373064,0.414576147639582,-0.10697142702071627,0.529058605311209,0.5043258788245542,-0.3482646246706034,-0.9502583693259468,7.965741947199273e-06,1.7173636533453903e-05,300
16,186,5,2,250,10,0.4145088781669033,0.41426886345818104,-0.6577524969795968,0.41439854043373064,0.414576147639582,-0.10697142702071627,0.529058605311209,0.5043258788245542,-0.3482646246706034,-0.9502583693259468,7.965741947199273e-06,1.7173636533453903e-05,300
16,187,5,2,275,10,0.4145088781669033,0.41426886345818104,-0.6577524969795968,0.41439854043373064,0.414576147639582,-0.10697142702071627,0.529058605311209,0.5043258788245542,-0.3482646246706034,-0.9502583693259468,7.965741947199273e-06,1.7173636533453903e-05,300
16,188,5,2,300,10,0.4145088781669033,0.41426886345818104,-0.6577524969795968,0.41439854043373064,0.414576147639582,-0.10697142702071627,0.529058605311209,0.5043258788245542,-0.3482646246706034,-0.9502583693259468,7.965741947199273e-06,1.7173636533453903e-05,300
16,189,5,2,325,10,0.4145088781669033,0.41426886345818104,-0.6577524969795968,0.41439854043373064,0.414576147639582,-0.10697142702071627,0.529058605311209,0.5043258788245542,-0.3482646246706034,-0.9502583693259468,7.965741947199273e-06,1.7173636533453903e-05,300
16,190,5,2,350,10,0.4145088781669033,0.41426886345818104,-0.6577524969795968,0.41439854043373064,0.414576147639582,-0.10697142702071627,0.529058605311209,0.5043258788245542,-0.3482646246706034,-0.9502583693259468,7.965741947199273e-06,1.7173636533453903e-05,300
16,191,5,2,375,10,0.4145088781669033,0.41426886345818104,-0.6577524969795968,0.41439854043373064,0.414576147639582,-0.10697142702071627,0.529058605311209,0.5043258788245542,-0.3482646246706034,-0.9502583693259468,7.965741947199273e-06,1.7173636533453903e-05,300
16,192,5,2,400,10,0.4145088781669033,0.41426886345818104,-0.6577524969795968,0.41439854043373064,0.414576147639582,-0.10697142702071627,0.529058605311209,0.5043258788245542,-0.3482646246706034,-0.9502583693259468,7.965741947199273e-06,1.7173636533453903e-05,300
16,193,5,2,25,10,0.41438642808360987,0.4145063707947703,-0.6577834157111351,0.4143374211972714,0.4145531467535052,-0.10697142702071627,0.529058605311209,0.5043258788245542,-0.3482646246706034,-0.9502583693259468,5.788426287906322e-06,1.2478682362789321e-05,325
16,194,5,2,50,10,0.41438642808360987,0.4145063707947703,-0.6577834157111351,0.4143374211972714,0.4145531467535052,-0.10697142702071627,0.529058605311209,0.5043258788245542,-0.3482646246706034,-0.9502583693259468,5.788426287906322e-06,1.2478682362789321e-05,325
16,195,5,2,75,10,0.41438642808360987,0.4145063707947703,-0.6577834157111351,0.4143374211972714,0.4145531467535052,-0.10697142702071627,0.529058605311209,0.5043258788245542,-0.3482646246706034,-0.9502583693259468,5.788426287906322e-06,1.2478682362789321e-05,325
16,196,5,2,100,10,0.41438642808360987,0.4145063707947703,-0.6577834157111351,0.4143374211972714,0.4145531467535052,-0.10697142702071627,0.529058605311209,0.5043258788245542,-0.3482646246706034,-0.9502583693259468,5.788426287906322e-06,1.2478682362789321e-05,325
16,197,5,2,125,10,0.41438642808360987,0.4145063707947703,-0.6577834157111351,0.4143374211972714,0.4145531467535052,-0.10697142702071627,0.529058605311209,0.5043258788245542,-0.3482646246706034,-0.9502583693259468,5.788426287906322e-06,1.2478682362789321e-05,325
16,198,5,2,150,10,0.41438642808360987,0.4145063707947703,-0.6577834157111351,0.4143374211972714,0.4145531467535052,-0.10697142702071627,0.529058605311209,0.5043258788245542,-0.3482646246706034,-0.9502583693259468,5.788426287906322e-06,1.2478682362789321e-05,325
16,199,5,2,175,10,0.41438642808360987,0.4145063707947703,-0.6577834157111351,0.4143374211972714,0.4145531467535052,-0.10697142702071627,0.529058605311209,0.5043258788245542,-0.3482646246706034,-0.9502583693259468,5.788426287906322e-06,1.2478682362789321e-05,325
16,200,5,2,200,10,0.41438642808360987,0.4145063707947703,-0.6577834157111351,0.4143374211972714,0.4145531467535052,-0.10697142702071627,0.529058605311209,0.5043258788245542,-0.3482646246706034,-0.9502583693259468,5.788426287906322e-06,1.2478682362789321e-05,325
16,201,5,2,225,10,0.41438642808360987,0.4145063707947703,-0.6577834157111351,0.4143374211972714,0.4145531467535052,-0.10697142702071627,0.529058605311209,0.5043258788245542,-0.3482646246706034,-0.9502583693259468,5.788426287906322e-06,1.2478682362789321e-05,325
16,202,5,2,250,10,0.41438642808360987,0.4145063707947703,-0.6577834157111351,0.4143374211972714,0.4145531467535052,-0.10697142702071627,0.529058605311209,0.5043258788245542,-0.3482646246706034,-0.9502583693259468,5.788426287906322e-06,1.2478682362789321e-05,325
16,203,5,2,275,10,0.41438642808360987,0.4145063707947703,-0.6577834157111351,0.4143374211972714,0.4145531467535052,-0.10697142702071627,0.529058605311209,0.5043258788245542,-0.3482646246706034,-0.9502583693259468,5.788426287906322e-06,1.2478682362789321e-05,325
16,204,5,2,300,10,0.41438642808360987,0.4145063707947703,-0.6577834157111351,0.4143374211972714,0.4145531467535052,-0.10697142702071627,0.529058605311209,0.5043258788245542,-0.3482646246706034,-0.9502583693259468,5.788426287906322e-06,1.2478682362789321e-05,325
16,205,5,2,325,10,0.41438642808360987,0.4145063707947703,-0.6577834157111351,0.4143374211972714,0.4145531467535052,-0.10697142702071627,0.529058605311209,0.5043258788245542,-0.3482646246706034,-0.9502583693259468,5.788426287906322e-06,1.2478682362789321e-05,325
16,206,5,2,350,10,0.41438642808360987,0.4145063707947703,-0.6577834157111351,0.4143374211972714,0.4145531467535052,-0.10697142702071627,0.529058605311209,0.5043258788245542,-0.3482646246706034,-0.9502583693259468,5.788426287906322e-06,1.2478682362789321e-05,325
16,207,5,2,375,10,0.41438642808360987,0.4145063707947703,-0.6577834157111351,0.4143374211972714,0.4145531467535052,-0.10697142702071627,0.529058605311209,0.5043258788245542,-0.3482646246706034,-0.9502583693259468,5.788426287906322e-06,1.2478682362789321e-05,325
16,208,5,2,400,10,0.41438642808360987,0.4145063707947703,-0.6577834157111351,0.4143374211972714,0.4145531467535052,-0.10697142702071627,0.529058605311209,0.5043258788245542,-0.3482646246706034,-0.9502583693259468,5.788426287906322e-06,1.2478682362789321e-05,325
16,209,5,2,25,10,0.41445941647988777,0.41438859091189895,-0.6578079416353512,0.4144808364570968,0.41447906141455293,-0.10697142702071627,0.529058605311209,0.5043258788245542,-0.3482646246706034,-0.9502583693259468,4.306594440831774e-06,9.283494772123576e-06,350
16,210,5,2,50,10,0.41445941647988777,0.41438859091189895,-0.6578079416353512,0.4144808364570968,0.41447906141455293,-0.10697142702071627,0.529058605311209,0.5043258788245542,-0.3482646246706034,-0.9502583693259468,4.306594440831774e-06,9.283494772123576e-06,350
16,211,5,2,75,10,0.41445941647988777,0.41438859091189895,-0.6578079416353512,0.4144808364570968,0.41447906141455293,-0.10697142702071627,0.529058605311209,0.5043258788245542,-0.3482646246706034,-0.9502583693259468,4.306594440831774e-06,9.283494772123576e-06,350
16,212,5,2,100,10,0.41445941647988777,0.41438859091189895,-0.6578079416353512,0.4144808364570968,0.41447906141455293,-0.10697142702071627,0.529058605311209,0.5043258788245542,-0.3482646246706034,-0.9502583693259468,4.306594440831774e-06,9.283494772123576e-06,350
16,213,5,2,125,10,0.41445941647988777,0.41438859091189895,-0.6578079416353512,0.4144808364570968,0.41447906141455293,-0.10697142702071627,0.529058605311209,0.5043258788245542,-0.3482646246706034,-0.9502583693259468,4.306594440831774e-06,9.283494772123576e-06,350
16,214,5,2,150,10,0.41445941647988777,0.41438859091189895,-0.6578079416353512,0.4144808364570968,0.41447906141455293,-0.10697142702071627,0.529058605311209,0.5043258788245542,-0.3482646246706034,-0.9502583693259468,4.306594440831774e-06,9.283494772123576e-06,350
16,215,5,2,175,10,0.41445941647988777,0.41438859091189895,-0.6578079416353512,0.4144808364570968,0.41447906141455293,-0.10697142702071627,0.529058605311209,0.5043258788245542,-0.3482646246706034,-0.9502583693259468,4.306594440831774e-06,9.283494772123576e-06,350
16,216,5,2,200,10,0.41445941647988777,0.41438859091189895,-0.6578079416353512,0.4144808364570968,0.41447906141455293,-0.10697142702071627,0.529058605311209,0.5043258788245542,-0.3482646246706034,-0.9502583693259468,4.306594440831774e-06,9.283494772123576e-06,350
16,217,5,2,225,10,0.41445941647988777,0.41438859091189895,-0.6578079416353512,0.4144808364570968,0.41447906141455293,-0.10697142702071627,0.529058605311209,0.5043258788245542,-0.3482646246706034,-0.9502583693259468,4.306594440831774e-06,9.283494772123576e-06,350
16,218,5,2,250,10,0.41445941647988777,0.41438859091189895,-0.6578079416353512,0.4144808364570968,0.41447906141455293,-0.10697142702071627,0.529058605311209,0.5043258788245542,-0.3482646246706034,-0.9502583693259468,4.306594440831774e-06,9.283494772123576e-06,350
16,219,5,2,275,10,0.41445941647988777,0.41438859091189895,-0.6578079416353512,0.4144808364570968,0.41447906141455293,-0.10697142702071627,0.529058605311209,0.5043258788245542,-0.3482646246706034,-0.9502583693259468,4.306594440831774e-06,9.283494772123576e-06,350
16,220,5,2,300,10,0.41445941647988777,0.41438859091189895,-0.6578079416353512,0.4144808364570968,0.41447906141455293,-0.10697142702071627,0.529058605311209,0.5043258788245542,-0.3482646246706034,-0.9502583693259468,4.306594440831774e-06,9.283494772123576e-06,350
16,221,5,2,325,10,0.41445941647988777,0.41438859091189895,-0.6578079416353512,0.4144808364570968,0.41447906141455293,-0.10697142702071627,0.529058605311209,0.5043258788245542,-0.3482646246706034,-0.9502583693259468,4.306594440831774e-06,9.283494772123576e-06,350
16,222,5,2,350,10,0.41445941647988777,0.41438859091189895,-0.6578079416353512,0.4144808364570968,0.41447906141455293,-0.10697142702071627,0.529058605311209,0.5043258788245542,-0.3482646246706034,-0.9502583693259468,4.306594440831774e-06,9.283494772123576e-06,350
16,223,5,2,375,10,0.41445941647988777,0.41438859091189895,-0.6578079416353512,0.4144808364570968,0.41447906141455293,-0.10697142702071627,0.529058605311209,0.5043258788245542,-0.3482646246706034,-0.9502583693259468,4.306594440831774e-06,9.283494772123576e-06,350
16,224,5,2,400,10,0.41445941647988777,0.41438859091189895,-0.6578079416353512,0.4144808364570968,0.41447906141455293,-0.10697142702071627,0.529058605311209,0.5043258788245542,-0.3482646246706034,-0.9502583693259468,4.306594440831774e-06,9.283494772123576e-06,350
16,225,5,2,25,10,0.4143810260474208,0.4145264869177345,-0.6578277604877437,0.4144740350010757,0.4144461849063507,-0.10697142702071627,0.529058605311209,0.5043258788245542,-0.3482646246706034,-0.9502583693259468,3.269947080660769e-06,7.048320503199347e-06,375
16,226,5,2,50,10,0.4143810260474208,0.4145264869177345,-0.6578277604877437,0.4144740350010757,0.4144461849063507,-0.10697142702071627,0.529058605311209,0.5043258788245542,-0.3482646246706034,-0.9502583693259468,3.269947080660769e-06,7.048320503199347e-06,375
16,227,5,2,75,10,0.4143810260474208,0.4145264869177345,-0.6578277604877437,0.4144740350010757,0.4144461849063507,-0.10697142702071627,0.529058605311209,0.5043258788245542,-0.3482646246706034,-0.9502583693259468,3.269947080660769e-06,7.048320503199347e-06,375
16,228,5,2,100,10,0.4143810260474208,0.4145264869177345,-0.6578277604877437,0.4144740350010757,0.4144461849063507,-0.10697142702071627,0.529058605311209,0.5043258788245542,-0.3482646246706034,-0.9502583693259468,3.269947080660769e-06,7.048320503199347e-06,375
16,229,5,2,125,10,0.4143810260474208,0.4145264869177345,-0.6578277604877437,0.4144740350010757,0.4144461849063507,-0.10697142702071627,0.529058605311209,0.5043258788245542,-0.3482646246706034,-0.9502583693259468,3.269947080660769e-06,7.048320503199347e-06,375
16,230,5,2,150,10,0.4143810260474208,0.4145264869177345,-0.6578277604877437,0.4144740350010757,0.4144461849063507,-0.10697142702071627,0.529058605311209,0.5043258788245542,-0.3482646246706034,-0.9502583693259468,3.269947080660769e-06,7.048320503199347e-06,375
16,231,5,2,175,10,0.4143810260474208,0.4145264869177345,-0.6578277604877437,0.4144740350010757,0.4144461849063507,-0.10697142702071627,0.529058605311209,0.5043258788245542,-0.3482646246706034,-0.9502583693259468,3.269947080660769e-06,7.048320503199347e-06,375
16,232,5,2,200,10,0.4143810260474208,0.4145264869177345,-0.6578277604877437,0.4144740350010757,0.4144461849063507,-0.10697142702071627,0.529058605311209,0.5043258788245542,-0.3482646246706034,-0.9502583693259468,3.269947080660769e-06,7.048320503199347e-06,375
16,233,5,2,225,10,0.4143810260474208,0.4145264869177345,-0.6578277604877437,0.4144740350010757,0.4144461849063507,-0.10697142702071627,0.529058605311209,0.5043258788245542,-0.3482646246706034,-0.9502583693259468,3.269947080660769e-06,7.048320503199347e-06,375
16,234,5,2,250,10,0.4143810260474208,0.4145264869177345,-0.6578277604877437,0.4144740350010757,0.4144461849063507,-0.10697142702071627,0.529058605311209,0.5043258788245542,-0.3482646246706034,-0.9502583693259468,3.269947080660769e-06,7.048320503199347e-06,375
16,235,5,2,275,10,0.4143810260474208,0.4145264869177345,-0.6578277604877437,0.4144740350010757,0.4144461849063507,-0.10697142702071627,0.529058605311209,0.5043258788245542,-0.3482646246706034,-0.9502583693259468,3.269947080660769e-06,7.048320503199347e-06,375
16,236,5,2,300,10,0.4143810260474208,0.4145264869177345,-0.6578277604877437,0.4144740350010757,0.4144461849063507,-0.10697142702071627,0.529058605311209,0.5043258788245542,-0.3482646246706034,-0.9502583693259468,3.269947080660769e-06,7.048320503199347e-06,375
16,237,5,2,325,10,0.4143810260474208,0.4145264869177345,-0.6578277604877437,0.4144740350010757,0.4144461849063507,-0.10697142702071627,0.529058605311209,0.5043258788245542,-0.3482646246706034,-0.9502583693259468,3.269947080660769e-06,7.048320503199347e-06,375
16,238,5,2,350,10,0.4143810260474208,0.4145264869177345,-0.6578277604877437,0.4144740350010757,0.4144461849063507,-0.10697142702071627,0.529058605311209,0.5043258788245542,-0.3482646246706034,-0.9502583693259468,3.269947080660769e-06,7.048320503199347e-06,375
16,239,5,2,375,10,0.4143810260474208,0.4145264869177345,-0.6578277604877437,0.4144740350010757,0.4144461849063507,-0.10697142702071627,0.529058605311209,0.5043258788245542,-0.3482646246706034,-0.9502583693259468,3.269947080660769e-06,7.048320503199347e-06,375
16,240,5,2,400,10,0.4143810260474208,0.4145264869177345,-0.6578277604877437,0.4144740350010757,0.4144461849063507,-0.10697142702071627,0.529058605311209,0.5043258788245542,-0.3482646246706034,-0.9502583693259468,3.269947080660769e-06,7.048320503199347e-06,375
16,241,5,2,25,10,0.41445429514406074,0.41452071763625115,-0.6578441640211675,0.4144146303916437,0.4144544994936295,-0.10697142702071627,0.529058605311209,0.5043258788245542,-0.3482646246706034,-0.9502583693259468,2.527371658924223e-06,5.446989353700217e-06,400
16,242,5,2,50,10,0.41445429514406074,0.41452071763625115,-0.6578441640211675,0.4144146303916437,0.4144544994936295,-0.10697142702071627,0.529058605311209,0.5043258788245542,-0.3482646246706034,-0.9502583693259468,2.527371658924223e-06,5.446989353700217e-06,400
16,243,5,2,75,10,0.41445429514406074,0.41452071763625115,-0.6578441640211675,0.4144146303916437,0.4144544994936295,-0.10697142702071627,0.529058605311209,0.5043258788245542,-0.3482646246706034,-0.9502583693259468,2.527371658924223e-06,5.446989353700217e-06,400
16,244,5,2,100,10,0.41445429514406074,0.41452071763625115,-0.6578441640211675,0.4144146303916437,0.4144544994936295,-0.10697142702071627,0.529058605311209,0.5043258788245542,-0.3482646246706034,-0.9502583693259468,2.527371658924223e-06,5.446989353700217e-06,400
16,245,5,2,125,10,0.41445429514406074,0.41452071763625115,-0.6578441640211675,0.4144146303916437,0.4144544994936295,-0.10697142702071627,0.529058605311209,0.5043258788245542,-0.3482646246706034,-0.9502583693259468,2.527371658924223e-06,5.446989353700217e-06,400
16,246,5,2,150,10,0.41445429514406074,0.41452071763625115,-0.6578441640211675,0.4144146303916437,0.4144544994936295,-0.10697142702071627,0.529058605311209,0.5043258788245542,-0.3482646246706034,-0.9502583693259468,2.527371658924223e-06,5.446989353700217e-06,400
16,247,5,2,175,10,0.41445429514406074,0.41452071763625115,-0.6578441640211675,0.4144146303916437,0.4144544994936295,-0.10697142702071627,0.529058605311209,0.5043258788245542,-0.3482646246706034,-0.9502583693259468,2.527371658924223e-06,5.446989353700217e-06,400
16,248,5,2,200,10,0.41445429514406074,0.41452071763625115,-0.6578441640211675,0.4144146303916437,0.4144544994936295,-0.10697142702071627,0.529058605311209,0.5043258788245542,-0.3482646246706034,-0.9502583693259468,2.527371658924223e-06,5.446989353700217e-06,400
16,249,5,2,225,10,0.41445429514406074,0.41452071763625115,-0.6578441640211675,0.4144146303916437,0.4144544994936295,-0.10697142702071627,0.529058605311209,0.5043258788245542,-0.3482646246706034,-0.9502583693259468,2.527371658924223e-06,5.446989353700217e-06,400
16,250,5,2,250,10,0.41445429514406074,0.41452071763625115,-0.6578441640211675,0.4144146303916437,0.4144544994936295,-0.10697142702071627,0.529058605311209,0.5043258788245542,-0.3482646246706034,-0.9502583693259468,2.527371658924223e-06,5.446989353700217e-06,400
16,251,5,2,275,10,0.41445429514406074,0.41452071763625115,-0.6578441640211675,0.4144146303916437,0.4144544994936295,-0.10697142702071627,0.529058605311209,0.5043258788245542,-0.3482646246706034,-0.9502583693259468,2.527371658924223e-06,5.446989353700217e-06,400
16,252,5,2,300,10,0.41445429514406074,0.41452071763625115,-0.6578441640211675,0.4144146303916437,0.4144544994936295,-0.10697142702071627,0.529058605311209,0.5043258788245542,-0.3482646246706034,-0.9502583693259468,2.527371658924223e-06,5.446989353700217e-06,400
16,253,5,2,325,10,0.41445429514406074,0.41452071763625115,-0.6578441640211675,0.4144146303916437,0.4144544994936295,-0.10697142702071627,0.529058605311209,0.5043258788245542,-0.3482646246706034,-0.9502583693259468,2.527371658924223e-06,5.446989353700217e-06,400
16,254,5,2,350,10,0.41445429514406074,0.41452071763625115,-0.6578441640211675,0.4144146303916437,0.4144544994936295,-0.10697142702071627,0.529058605311209,0.5043258788245542,-0.3482646246706034,-0.9502583693259468,2.527371658924223e-06,5.446989353700217e-06,400
16,255,5,2,375,10,0.41445429514406074,0.41452071763625115,-0.6578441640211675,0.4144146303916437,0.4144544994936295,-0.10697142702071627,0.529058605311209,0.5043258788245542,-0.3482646246706034,-0.9502583693259468,2.527371658924223e-06,5.446989353700217e-06,400
16,256,5,2,400,10,0.41445429514406074,0.41452071763625115,-0.6578441640211675,0.4144146303916437,0.4144544994936295,-0.10697142702071627,0.529058605311209,0.5043258788245542,-0.3482646246706034,-0.9502583693259468,2.527371658924223e-06,5.446989353700217e-06,400
